Workbook

Sheet 가정
A1: 다이소몰 매출 시뮬레이션 — 가정
A2: 노란 셀만 수정합니다. 시나리오는 A의 레버 3개 조합으로만 정의되고, B~D는 모든 시나리오에 똑같이 적용됩니다.
A4: A. 레버 — 시나리오를 정의하는 유일한 입력
A5: 레버 | B5: 단위 | C5: S1 현재 기준 | D5: S2 익일 | E5: S3 익일+무배 | F5: S4 +회원 확대 | G5: 연결 과제 | H5: 근거
A6: 완전 익일배송 (컷오프 개선) | B6: 1=적용 | C6: 0 | D6: 1 | E6: 1 | F6: 1 | G6: 세종 안정화 · 자정 마감 익일 도착 | H6: 정책
A7: 무료배송 임계 | B7: 원 | C7: 30000 | D7: 30000 | E7: 25000 | F7: 25000 | G7: 무료배송 기준 인하 | H7: 정책
A8: 회원 확대 (간편가입) | B8: 1=적용 | C8: 0 | D8: 0 | E8: 0 | F8: 1 | G8: SNS · 이메일 간편가입, 본인인증 이탈 해소 | H8: 정책
A10: B. 레버 효과 — 레버를 켰을 때 무엇이 얼마나 바뀌는가 (공통)
A11: 항목 | B11: 단위 | C11: 값 | G11: 설명 | H11: 근거
A12: 익일배송 → 잔존율 상승 | B12: %p | C12: 0.019 | G12: 11.1% → 13.0%. 서서히 (물류 효과 도달 개월수에 걸쳐) | H12: 목표
A13: 익일배송 → 구매빈도 상승 | B13: % | C13: 0.2 | G13: 1.289 → 1.547건. 서서히 | H13: 목표
A14: 익일배송 → 가입 감쇠 완화 | B14: %p/월 | C14: 0.002 | G14: -0.5% → -0.3%/월. 서서히 | H14: 추정
A15: 무배 인하 → 즉시 주문 증가율 (1차) | B15: % | C15: 0.086 | G15: 인하 시점에 한 번에. 8월 분포 기준 +8.6%, 올라붙는 모수 확대 반영 시 +24.3% | H15: 추정
A16: 무배 인하 → 인하 후 객단가 (1차) | B16: 원 | C16: 29800 | G16: 인하 시점에 한 번에. +8.6%일 때 29,800원, +24.3%일 때 29,400원 | H16: 추정
A17: 무배 인하 → 잔존율 추가 상승 (2차) | B17: %p | C17: 0.02 | G17: 13.0% → 15.0%. 서서히 | H17: 목표
A18: 무배 인하 → 가입 감쇠 추가 완화 (2차) | B18: %p/월 | C18: 0.002 | G18: -0.3% → -0.1%/월. 서서히 | H18: 추정
A19: 회원 확대 → 월 가입 증가 | B19: % | C19: 0.28 | G19: 본인인증 이탈(26.5%)을 전부 회수하면 최대 +36% | H19: 목표
A21: C. 불확실성 — 고객 반응을 모르는 부분 (공통, 값을 흔들어 민감도 확인)
A22: 항목 | B22: 단위 | C22: 값 | G22: 설명 | H22: 근거
A23: 기존 고객 반응도 | B23: % | C23: 1 | G23: 잔존율 상승이 2026년 이전 고객에게 적용되는 비율 | H23: 미측정
A24: 간편가입자 첫구매 전환율 (기존 대비) | B24: % | C24: 1 | G24: 100% = 기존 가입자와 같은 비율로 첫구매 | H24: 미측정
A26: D. 기준값 — 확인된 사실과 시점 (공통)
A27: 항목 | B27: 단위 | C27: 값 | G27: 설명 | H27: 근거
A28: 세종 안정화 월차 | B28: 월차 | C28: 6 | G28: 6 = 2027년 6월. 익일배송 효과 시작 | H28: 계획
A29: 무배 인하 월차 | B29: 월차 | C29: 7 | G29: 12 = 2027년 12월 | H29: 계획
A30: 물류 효과 도달 개월수 | B30: 개월 | C30: 48 | G30: 시작 월부터 목표치까지 선형 도달 | H30: 추정
A31: 간편가입 오픈 월차 | B31: 월차 | C31: 5 | G31: 5 = 2027년 5월 | H31: 계획
A32: 회원 확대 도달 개월수 | B32: 개월 | C32: 12 | G32: 가입 증가가 목표치에 이르는 기간 | H32: 추정
A33: 2026.12 누적 구매고객 | B33: 만명 | C33: 406 | G33: 2026-08 실측 358.5만 + 9~12월 신규 | H33: 실측+추정
A34: 2026.12 회원수 | B34: 만명 | C34: 1022 | G34: 2026-08 926만 + 4개월 가입 | H34: 실측+추정
A35: 월 가입 시작값 | B35: 만명/월 | C35: 20 | G35: 에어브릿지 가입 이벤트 (앱+웹, 중복 가능) | H35: 실측
A36: 첫구매 전환율 | B36: % | C36: 0.5 | G36: 월 가입 24만 → 신규 구매 12만 | H36: 추정
A37: 기본 가입 증감률 | B37: %/월 | C37: -0.005 | G37: 신규 25개월 횡보 후 완만한 감쇠 가정 | H37: 추정
A38: 기본 잔존율 | B38: % | C38: 0.111 | G38: 33개 코호트 M4~M12 안정화 구간 | H38: 실측
A39: 기본 구매빈도 | B39: 건/월 | C39: 1.289 | G39: 주문/구매고객, 33개월 고정 | H39: 실측
... A43: 2026년 매출 | B43: 억원 | C43: 2300 | G43: 성장률 계산용 | H43: 예상
A45: 계산 순서
A46: ① 진행도 = 레버 × (현재 월차 − 시작 월차 + 1) ÷ 도달 개월수 (0~1, 서서히 오르는 효과)
A47: ② 무배 적용 = 무배 인하 월차부터 1 (한 번에 붙는 1차 효과: 즉시 주문 증가, 객단가 하락)
A48: ③ 월 가입 = 기본 가입 추세 × (1 + 회원확대 진행도 × 가입 증가) / 신규 구매 = 기본 추세 × 전환율 × (1 + 회원확대 진행도 × 가입 증가 × 간편가입자 전환율)
A49: ④ 잔존율(신규 코호트) = 기본 + 익일 진행도×상승 + 무배 진행도×상승 / 기존 고객 = 기본 + 반응도×(신규 코호트 − 기본)
A50: ⑤ 활동 구매고객 = 당월 신규 + 2026년 이전 고객 × 기존 잔존율 + 2027년 이후 누적 × 신규 코호트 잔존율
A51: ⑥ 구매빈도 = 기본 × (1 + 익일 진행도 × 상승) × (1 + 무배 적용 × 즉시 주문 증가율)
A52: ⑦ 총매출 = 활동 구매고객 × 구매빈도 × 객단가 ÷ (1 − 택배 외 비중) × 보정계수

Sheet S1_현재기준
A1: S1 현재 기준
A2: 레버 값은 가정 시트 A에서, 나머지는 B~D에서 가져옵니다. 이 시트는 수정하지 마십시오.
A3: 월차 | B3: 연도 | C3: 월 | D3: 익일 진행도 | E3: 무배 진행도 | F3: 무배 적용 | G3: 회원확대 진행도 | H3: 가입 증감률 | I3: 기본 가입 추세 (만명) | J3: 월 가입 (만명) | K3: 신규 구매고객 (만명) | L3: 잔존율 신규 코호트 | M3: 잔존율 기존 고객 | N3: 2027~ 누적 (월초, 만명) | O3: 활동 구매고객 (만명) | P3: 익일 효과 빈도 | Q3: 즉시 주문 배수 | R3: 구매빈도 (건/월) | S3: 구매건수 (만건) | T3: 객단가 (원) | U3: 택배매출 (억원) | V3: 총매출 (억원) | W3: 누적 구매고객 (만명) | X3: 미전환 회원 (만명) | Y3: 회원수 (만명) | Z3: 활동×익일빈도 (보조)
A4: 1 | B4: 2027 | C4: 1 | D4: =가정!$C$6*MIN(1,MAX(0,(A4-가정!$C$28+1)/가정!$C$30)) -> 0 | E4: =IF(가정!$C$7<30000,1,0)*MIN(1,MAX(0,(A4-가정!$C$29+1)/가정!$C$30)) -> 0 | F4: =IF(가정!$C$7<30000,1,0)*IF(A4>=가정!$C$29,1,0) -> 0 | G4: =가정!$C$8*MIN(1,MAX(0,(A4-가정!$C$31+1)/가정!$C$32)) -> 0 | H4: =가정!$C$37+D4*가정!$C$14+E4*가정!$C$18 -> -0.005 | I4: =가정!$C$35 -> 20 | J4: =I4*(1+G4*가정!$C$19) -> 20 | K4: =I4*가정!$C$36*(1+G4*가정!$C$19*가정!$C$24) -> 10 | L4: =가정!$C$38+D4*가정!$C$12+E4*가정!$C$17 -> 0.111 | M4: =가정!$C$38+가정!$C$23*(L4-가정!$C$38) -> 0.111 | N4: =0 -> 0 | O4: =K4+가정!$C$33*M4+N4*L4 -> 55.066 | P4: =가정!$C$39*(1+D4*가정!$C$13) -> 1.289 | Q4: =1+F4*가정!$C$15 -> 1 | R4: =P4*Q4 -> 1.289 | S4: =O4*R4 -> 70.980074 | T4: =IF(F4=1,가정!$C$16,가정!$C$40) -> 31846 | U4: =S4*T4/10000 -> 226.04314 | V4: =U4/(1-가정!$C$41)*가정!$C$42 -> 237.94015 | W4: =가정!$C$33+N4+K4 -> 416 | X4: =(가정!$C$34-가정!$C$33)+J4-K4 -> 626 | Y4: =W4+X4 -> 1042 | Z4: =O4*P4 -> 70.980074
A5: 2 | B5: 2027 | C5: 2 | D5: =가정!$C$6*MIN(1,MAX(0,(A5-가정!$C$28+1)/가정!$C$30)) -> 0 | E5: =IF(가정!$C$7<30000,1,0)*MIN(1,MAX(0,(A5-가정!$C$29+1)/가정!$C$30)) -> 0 | F5: =IF(가정!$C$7<30000,1,0)*IF(A5>=가정!$C$29,1,0) -> 0 | G5: =가정!$C$8*MIN(1,MAX(0,(A5-가정!$C$31+1)/가정!$C$32)) -> 0 | H5: =가정!$C$37+D5*가정!$C$14+E5*가정!$C$18 -> -0.005 | I5: =I4*(1+H5) -> 19.9 | J5: =I5*(1+G5*가정!$C$19) -> 19.9 | K5: =I5*가정!$C$36*(1+G5*가정!$C$19*가정!$C$24) -> 9.95 | L5: =가정!$C$38+D5*가정!$C$12+E5*가정!$C$17 -> 0.111 | M5: =가정!$C$38+가정!$C$23*(L5-가정!$C$38) -> 0.111 | N5: =N4+K4 -> 10 | O5: =K5+가정!$C$33*M5+N5*L5 -> 56.126 | P5: =가정!$C$39*(1+D5*가정!$C$13) -> 1.289 | Q5: =1+F5*가정!$C$15 -> 1 | R5: =P5*Q5 -> 1.289 | S5: =O5*R5 -> 72.346414 | T5: =IF(F5=1,가정!$C$16,가정!$C$40) -> 31846 | U5: =S5*T5/10000 -> 230.39439 | V5: =U5/(1-가정!$C$41)*가정!$C$42 -> 242.52041 | W5: =가정!$C$33+N5+K5 -> 425.95 | X5: =X4+J5-K5 -> 635.95 | Y5: =W5+X5 -> 1061.9 | Z5: =O5*P5 -> 72.346414
A6: 3 | B6: 2027 | C6: 3 | D6: =가정!$C$6*MIN(1,MAX(0,(A6-가정!$C$28+1)/가정!$C$30)) -> 0 | E6: =IF(가정!$C$7<30000,1,0)*MIN(1,MAX(0,(A6-가정!$C$29+1)/가정!$C$30)) -> 0 | F6: =IF(가정!$C$7<30000,1,0)*IF(A6>=가정!$C$29,1,0) -> 0 | G6: =가정!$C$8*MIN(1,MAX(0,(A6-가정!$C$31+1)/가정!$C$32)) -> 0 | H6: =가정!$C$37+D6*가정!$C$14+E6*가정!$C$18 -> -0.005 | I6: =I5*(1+H6) -> 19.8005 | J6: =I6*(1+G6*가정!$C$19) -> 19.8005 | K6: =I6*가정!$C$36*(1+G6*가정!$C$19*가정!$C$24) -> 9.90025 | L6: =가정!$C$38+D6*가정!$C$12+E6*가정!$C$17 -> 0.111 | M6: =가정!$C$38+가정!$C$23*(L6-가정!$C$38) -> 0.111 | N6: =N5+K5 -> 19.95 | O6: =K6+가정!$C$33*M6+N6*L6 -> 57.1807 | P6: =가정!$C$39*(1+D6*가정!$C$13) -> 1.289 | Q6: =1+F6*가정!$C$15 -> 1 | R6: =P6*Q6 -> 1.289 | S6: =O6*R6 -> 73.705922 | T6: =IF(F6=1,가정!$C$16,가정!$C$40) -> 31846 | U6: =S6*T6/10000 -> 234.72388 | V6: =U6/(1-가정!$C$41)*가정!$C$42 -> 247.07777 | W6: =가정!$C$33+N6+K6 -> 435.85025 | X6: =X5+J6-K6 -> 645.85025 | Y6: =W6+X6 -> 1081.7005 | Z6: =O6*P6 -> 73.705922
A7: 4 | B7: 2027 | C7: 4 | D7: =가정!$C$6*MIN(1,MAX(0,(A7-가정!$C$28+1)/가정!$C$30)) -> 0 | E7: =IF(가정!$C$7<30000,1,0)*MIN(1,MAX(0,(A7-가정!$C$29+1)/가정!$C$30)) -> 0 | F7: =IF(가정!$C$7<30000,1,0)*IF(A7>=가정!$C$29,1,0) -> 0 | G7: =가정!$C$8*MIN(1,MAX(0,(A7-가정!$C$31+1)/가정!$C$32)) -> 0 | H7: =가정!$C$37+D7*가정!$C$14+E7*가정!$C$18 -> -0.005 | I7: =I6*(1+H7) -> 19.701497 | J7: =I7*(1+G7*가정!$C$19) -> 19.701497 | K7: =I7*가정!$C$36*(1+G7*가정!$C$19*가정!$C$24) -> 9.8507487 | L7: =가정!$C$38+D7*가정!$C$12+E7*가정!$C$17 -> 0.111 | M7: =가정!$C$38+가정!$C$23*(L7-가정!$C$38) -> 0.111 | N7: =N6+K6 -> 29.85025 | O7: =K7+가정!$C$33*M7+N7*L7 -> 58.230127 | P7: =가정!$C$39*(1+D7*가정!$C$13) -> 1.289 | Q7: =1+F7*가정!$C$15 -> 1 | R7: =P7*Q7 -> 1.289 | S7: =O7*R7 -> 75.058633 | T7: =IF(F7=1,가정!$C$16,가정!$C$40) -> 31846 | U7: =S7*T7/10000 -> 239.03172 | V7: =U7/(1-가정!$C$41)*가정!$C$42 -> 251.61234 | W7: =가정!$C$33+N7+K7 -> 445.701 | X7: =X6+J7-K7 -> 655.701 | Y7: =W7+X7 -> 1101.402 | Z7: =O7*P7 -> 75.058633
A8: 5 | B8: 2027 | C8: 5 | D8: =가정!$C$6*MIN(1,MAX(0,(A8-가정!$C$28+1)/가정!$C$30)) -> 0 | E8: =IF(가정!$C$7<30000,1,0)*MIN(1,MAX(0,(A8-가정!$C$29+1)/가정!$C$30)) -> 0 | F8: =IF(가정!$C$7<30000,1,0)*IF(A8>=가정!$C$29,1,0) -> 0 | G8: =가정!$C$8*MIN(1,MAX(0,(A8-가정!$C$31+1)/가정!$C$32)) -> 0 | H8: =가정!$C$37+D8*가정!$C$14+E8*가정!$C$18 -> -0.005 | I8: =I7*(1+H8) -> 19.60299 | J8: =I8*(1+G8*가정!$C$19) -> 19.60299 | K8: =I8*가정!$C$36*(1+G8*가정!$C$19*가정!$C$24) -> 9.801495 | L8: =가정!$C$38+D8*가정!$C$12+E8*가정!$C$17 -> 0.111 | M8: =가정!$C$38+가정!$C$23*(L8-가정!$C$38) -> 0.111 | N8: =N7+K7 -> 39.700999 | O8: =K8+가정!$C$33*M8+N8*L8 -> 59.274306 | P8: =가정!$C$39*(1+D8*가정!$C$13) -> 1.289 | Q8: =1+F8*가정!$C$15 -> 1 | R8: =P8*Q8 -> 1.289 | S8: =O8*R8 -> 76.40458 | T8: =IF(F8=1,가정!$C$16,가정!$C$40) -> 31846 | U8: =S8*T8/10000 -> 243.31803 | V8: =U8/(1-가정!$C$41)*가정!$C$42 -> 256.12424 | W8: =가정!$C$33+N8+K8 -> 455.50249 | X8: =X7+J8-K8 -> 665.50249 | Y8: =W8+X8 -> 1121.005 | Z8: =O8*P8 -> 76.40458
A9: 6 | B9: 2027 | C9: 6 | D9: =가정!$C$6*MIN(1,MAX(0,(A9-가정!$C$28+1)/가정!$C$30)) -> 0 | E9: =IF(가정!$C$7<30000,1,0)*MIN(1,MAX(0,(A9-가정!$C$29+1)/가정!$C$30)) -> 0 | F9: =IF(가정!$C$7<30000,1,0)*IF(A9>=가정!$C$29,1,0) -> 0 | G9: =가정!$C$8*MIN(1,MAX(0,(A9-가정!$C$31+1)/가정!$C$32)) -> 0 | H9: =가정!$C$37+D9*가정!$C$14+E9*가정!$C$18 -> -0.005 | I9: =I8*(1+H9) -> 19.504975 | J9: =I9*(1+G9*가정!$C$19) -> 19.504975 | K9: =I9*가정!$C$36*(1+G9*가정!$C$19*가정!$C$24) -> 9.7524875 | L9: =가정!$C$38+D9*가정!$C$12+E9*가정!$C$17 -> 0.111 | M9: =가정!$C$38+가정!$C$23*(L9-가정!$C$38) -> 0.111 | N9: =N8+K8 -> 49.502494 | O9: =K9+가정!$C$33*M9+N9*L9 -> 60.313264 | P9: =가정!$C$39*(1+D9*가정!$C$13) -> 1.289 | Q9: =1+F9*가정!$C$15 -> 1 | R9: =P9*Q9 -> 1.289 | S9: =O9*R9 -> 77.743798 | T9: =IF(F9=1,가정!$C$16,가정!$C$40) -> 31846 | U9: =S9*T9/10000 -> 247.5829 | V9: =U9/(1-가정!$C$41)*가정!$C$42 -> 260.61358 | W9: =가정!$C$33+N9+K9 -> 465.25498 | X9: =X8+J9-K9 -> 675.25498 | Y9: =W9+X9 -> 1140.51 | Z9: =O9*P9 -> 77.743798
A10: 7 | B10: 2027 | C10: 7 | D10: =가정!$C$6*MIN(1,MAX(0,(A10-가정!$C$28+1)/가정!$C$30)) -> 0 | E10: =IF(가정!$C$7<30000,1,0)*MIN(1,MAX(0,(A10-가정!$C$29+1)/가정!$C$30)) -> 0 | F10: =IF(가정!$C$7<30000,1,0)*IF(A10>=가정!$C$29,1,0) -> 0 | G10: =가정!$C$8*MIN(1,MAX(0,(A10-가정!$C$31+1)/가정!$C$32)) -> 0 | H10: =가정!$C$37+D10*가정!$C$14+E10*가정!$C$18 -> -0.005 | I10: =I9*(1+H10) -> 19.40745 | J10: =I10*(1+G10*가정!$C$19) -> 19.40745 | K10: =I10*가정!$C$36*(1+G10*가정!$C$19*가정!$C$24) -> 9.7037251 | L10: =가정!$C$38+D10*가정!$C$12+E10*가정!$C$17 -> 0.111 | M10: =가정!$C$38+가정!$C$23*(L10-가정!$C$38) -> 0.111 | N10: =N9+K9 -> 59.254981 | O10: =K10+가정!$C$33*M10+N10*L10 -> 61.347028 | P10: =가정!$C$39*(1+D10*가정!$C$13) -> 1.289 | Q10: =1+F10*가정!$C$15 -> 1 | R10: =P10*Q10 -> 1.289 | S10: =O10*R10 -> 79.076319 | T10: =IF(F10=1,가정!$C$16,가정!$C$40) -> 31846 | U10: =S10*T10/10000 -> 251.82645 | V10: =U10/(1-가정!$C$41)*가정!$C$42 -> 265.08047 | W10: =가정!$C$33+N10+K10 -> 474.95871 | X10: =X9+J10-K10 -> 684.95871 | Y10: =W10+X10 -> 1159.9174 | Z10: =O10*P10 -> 79.076319
A11: 8 | B11: 2027 | C11: 8 | D11: =가정!$C$6*MIN(1,MAX(0,(A11-가정!$C$28+1)/가정!$C$30)) -> 0 | E11: =IF(가정!$C$7<30000,1,0)*MIN(1,MAX(0,(A11-가정!$C$29+1)/가정!$C$30)) -> 0 | F11: =IF(가정!$C$7<30000,1,0)*IF(A11>=가정!$C$29,1,0) -> 0 | G11: =가정!$C$8*MIN(1,MAX(0,(A11-가정!$C$31+1)/가정!$C$32)) -> 0 | H11: =가정!$C$37+D11*가정!$C$14+E11*가정!$C$18 -> -0.005 | I11: =I10*(1+H11) -> 19.310413 | J11: =I11*(1+G11*가정!$C$19) -> 19.310413 | K11: =I11*가정!$C$36*(1+G11*가정!$C$19*가정!$C$24) -> 9.6552065 | L11: =가정!$C$38+D11*가정!$C$12+E11*가정!$C$17 -> 0.111 | M11: =가정!$C$38+가정!$C$23*(L11-가정!$C$38) -> 0.111 | N11: =N10+K10 -> 68.958706 | O11: =K11+가정!$C$33*M11+N11*L11 -> 62.375623 | P11: =가정!$C$39*(1+D11*가정!$C$13) -> 1.289 | Q11: =1+F11*가정!$C$15 -> 1 | R11: =P11*Q11 -> 1.289 | S11: =O11*R11 -> 80.402178 | T11: =IF(F11=1,가정!$C$16,가정!$C$40) -> 31846 | U11: =S11*T11/10000 -> 256.04878 | V11: =U11/(1-가정!$C$41)*가정!$C$42 -> 269.52503 | W11: =가정!$C$33+N11+K11 -> 484.61391 | X11: =X10+J11-K11 -> 694.61391 | Y11: =W11+X11 -> 1179.2278 | Z11: =O11*P11 -> 80.402178
A12: 9 | B12: 2027 | C12: 9 | D12: =가정!$C$6*MIN(1,MAX(0,(A12-가정!$C$28+1)/가정!$C$30)) -> 0 | E12: =IF(가정!$C$7<30000,1,0)*MIN(1,MAX(0,(A12-가정!$C$29+1)/가정!$C$30)) -> 0 | F12: =IF(가정!$C$7<30000,1,0)*IF(A12>=가정!$C$29,1,0) -> 0 | G12: =가정!$C$8*MIN(1,MAX(0,(A12-가정!$C$31+1)/가정!$C$32)) -> 0 | H12: =가정!$C$37+D12*가정!$C$14+E12*가정!$C$18 -> -0.005 | I12: =I11*(1+H12) -> 19.213861 | J12: =I12*(1+G12*가정!$C$19) -> 19.213861 | K12: =I12*가정!$C$36*(1+G12*가정!$C$19*가정!$C$24) -> 9.6069304 | L12: =가정!$C$38+D12*가정!$C$12+E12*가정!$C$17 -> 0.111 | M12: =가정!$C$38+가정!$C$23*(L12-가정!$C$38) -> 0.111 | N12: =N11+K11 -> 78.613913 | O12: =K12+가정!$C$33*M12+N12*L12 -> 63.399075 | P12: =가정!$C$39*(1+D12*가정!$C$13) -> 1.289 | Q12: =1+F12*가정!$C$15 -> 1 | R12: =P12*Q12 -> 1.289 | S12: =O12*R12 -> 81.721407 | T12: =IF(F12=1,가정!$C$16,가정!$C$40) -> 31846 | U12: =S12*T12/10000 -> 260.24999 | V12: =U12/(1-가정!$C$41)*가정!$C$42 -> 273.94736 | W12: =가정!$C$33+N12+K12 -> 494.22084 | X12: =X11+J12-K12 -> 704.22084 | Y12: =W12+X12 -> 1198.4417 | Z12: =O12*P12 -> 81.721407
A13: 10 | B13: 2027 | C13: 10 | D13: =가정!$C$6*MIN(1,MAX(0,(A13-가정!$C$28+1)/가정!$C$30)) -> 0 | E13: =IF(가정!$C$7<30000,1,0)*MIN(1,MAX(0,(A13-가정!$C$29+1)/가정!$C$30)) -> 0 | F13: =IF(가정!$C$7<30000,1,0)*IF(A13>=가정!$C$29,1,0) -> 0 | G13: =가정!$C$8*MIN(1,MAX(0,(A13-가정!$C$31+1)/가정!$C$32)) -> 0 | H13: =가정!$C$37+D13*가정!$C$14+E13*가정!$C$18 -> -0.005 | I13: =I12*(1+H13) -> 19.117792 | J13: =I13*(1+G13*가정!$C$19) -> 19.117792 | K13: =I13*가정!$C$36*(1+G13*가정!$C$19*가정!$C$24) -> 9.5588958 | L13: =가정!$C$38+D13*가정!$C$12+E13*가정!$C$17 -> 0.111 | M13: =가정!$C$38+가정!$C$23*(L13-가정!$C$38) -> 0.111 | N13: =N12+K12 -> 88.220843 | O13: =K13+가정!$C$33*M13+N13*L13 -> 64.417409 | P13: =가정!$C$39*(1+D13*가정!$C$13) -> 1.289 | Q13: =1+F13*가정!$C$15 -> 1 | R13: =P13*Q13 -> 1.289 | S13: =O13*R13 -> 83.034041 | T13: =IF(F13=1,가정!$C$16,가정!$C$40) -> 31846 | U13: =S13*T13/10000 -> 264.43021 | V13: =U13/(1-가정!$C$41)*가정!$C$42 -> 278.34759 | W13: =가정!$C$33+N13+K13 -> 503.77974 | X13: =X12+J13-K13 -> 713.77974 | Y13: =W13+X13 -> 1217.5595 | Z13: =O13*P13 -> 83.034041
A14: 11 | B14: 2027 | C14: 11 | D14: =가정!$C$6*MIN(1,MAX(0,(A14-가정!$C$28+1)/가정!$C$30)) -> 0 | E14: =IF(가정!$C$7<30000,1,0)*MIN(1,MAX(0,(A14-가정!$C$29+1)/가정!$C$30)) -> 0 | F14: =IF(가정!$C$7<30000,1,0)*IF(A14>=가정!$C$29,1,0) -> 0 | G14: =가정!$C$8*MIN(1,MAX(0,(A14-가정!$C$31+1)/가정!$C$32)) -> 0 | H14: =가정!$C$37+D14*가정!$C$14+E14*가정!$C$18 -> -0.005 | I14: =I13*(1+H14) -> 19.022203 | J14: =I14*(1+G14*가정!$C$19) -> 19.022203 | K14: =I14*가정!$C$36*(1+G14*가정!$C$19*가정!$C$24) -> 9.5111013 | L14: =가정!$C$38+D14*가정!$C$12+E14*가정!$C$17 -> 0.111 | M14: =가정!$C$38+가정!$C$23*(L14-가정!$C$38) -> 0.111 | N14: =N13+K13 -> 97.779739 | O14: =K14+가정!$C$33*M14+N14*L14 -> 65.430652 | P14: =가정!$C$39*(1+D14*가정!$C$13) -> 1.289 | Q14: =1+F14*가정!$C$15 -> 1 | R14: =P14*Q14 -> 1.289 | S14: =O14*R14 -> 84.340111 | T14: =IF(F14=1,가정!$C$16,가정!$C$40) -> 31846 | U14: =S14*T14/10000 -> 268.58952 | V14: =U14/(1-가정!$C$41)*가정!$C$42 -> 282.72581 | W14: =가정!$C$33+N14+K14 -> 513.29084 | X14: =X13+J14-K14 -> 723.29084 | Y14: =W14+X14 -> 1236.5817 | Z14: =O14*P14 -> 84.340111
A15: 12 | B15: 2027 | C15: 12 | D15: =가정!$C$6*MIN(1,MAX(0,(A15-가정!$C$28+1)/가정!$C$30)) -> 0 | E15: =IF(가정!$C$7<30000,1,0)*MIN(1,MAX(0,(A15-가정!$C$29+1)/가정!$C$30)) -> 0 | F15: =IF(가정!$C$7<30000,1,0)*IF(A15>=가정!$C$29,1,0) -> 0 | G15: =가정!$C$8*MIN(1,MAX(0,(A15-가정!$C$31+1)/가정!$C$32)) -> 0 | H15: =가정!$C$37+D15*가정!$C$14+E15*가정!$C$18 -> -0.005 | I15: =I14*(1+H15) -> 18.927092 | J15: =I15*(1+G15*가정!$C$19) -> 18.927092 | K15: =I15*가정!$C$36*(1+G15*가정!$C$19*가정!$C$24) -> 9.4635458 | L15: =가정!$C$38+D15*가정!$C$12+E15*가정!$C$17 -> 0.111 | M15: =가정!$C$38+가정!$C$23*(L15-가정!$C$38) -> 0.111 | N15: =N14+K14 -> 107.29084 | O15: =K15+가정!$C$33*M15+N15*L15 -> 66.438829 | P15: =가정!$C$39*(1+D15*가정!$C$13) -> 1.289 | Q15: =1+F15*가정!$C$15 -> 1 | R15: =P15*Q15 -> 1.289 | S15: =O15*R15 -> 85.639651 | T15: =IF(F15=1,가정!$C$16,가정!$C$40) -> 31846 | U15: =S15*T15/10000 -> 272.72803 | V15: =U15/(1-가정!$C$41)*가정!$C$42 -> 287.08214 | W15: =가정!$C$33+N15+K15 -> 522.75439 | X15: =X14+J15-K15 -> 732.75439 | Y15: =W15+X15 -> 1255.5088 | Z15: =O15*P15 -> 85.639651
A16: 13 | B16: 2028 | C16: 1 | D16: =가정!$C$6*MIN(1,MAX(0,(A16-가정!$C$28+1)/가정!$C$30)) -> 0 | E16: =IF(가정!$C$7<30000,1,0)*MIN(1,MAX(0,(A16-가정!$C$29+1)/가정!$C$30)) -> 0 | F16: =IF(가정!$C$7<30000,1,0)*IF(A16>=가정!$C$29,1,0) -> 0 | G16: =가정!$C$8*MIN(1,MAX(0,(A16-가정!$C$31+1)/가정!$C$32)) -> 0 | H16: =가정!$C$37+D16*가정!$C$14+E16*가정!$C$18 -> -0.005 | I16: =I15*(1+H16) -> 18.832456 | J16: =I16*(1+G16*가정!$C$19) -> 18.832456 | K16: =I16*가정!$C$36*(1+G16*가정!$C$19*가정!$C$24) -> 9.4162281 | L16: =가정!$C$38+D16*가정!$C$12+E16*가정!$C$17 -> 0.111 | M16: =가정!$C$38+가정!$C$23*(L16-가정!$C$38) -> 0.111 | N16: =N15+K15 -> 116.75439 | O16: =K16+가정!$C$33*M16+N16*L16 -> 67.441965 | P16: =가정!$C$39*(1+D16*가정!$C$13) -> 1.289 | Q16: =1+F16*가정!$C$15 -> 1 | R16: =P16*Q16 -> 1.289 | S16: =O16*R16 -> 86.932693 | T16: =IF(F16=1,가정!$C$16,가정!$C$40) -> 31846 | U16: =S16*T16/10000 -> 276.84585 | V16: =U16/(1-가정!$C$41)*가정!$C$42 -> 291.41669 | W16: =가정!$C$33+N16+K16 -> 532.17061 | X16: =X15+J16-K16 -> 742.17061 | Y16: =W16+X16 -> 1274.3412 | Z16: =O16*P16 -> 86.932693
... A63: 60 | B63: 2031 | C63: 12 | D63: =가정!$C$6*MIN(1,MAX(0,(A63-가정!$C$28+1)/가정!$C$30)) -> 0 | E63: =IF(가정!$C$7<30000,1,0)*MIN(1,MAX(0,(A63-가정!$C$29+1)/가정!$C$30)) -> 0 | F63: =IF(가정!$C$7<30000,1,0)*IF(A63>=가정!$C$29,1,0) -> 0 | G63: =가정!$C$8*MIN(1,MAX(0,(A63-가정!$C$31+1)/가정!$C$32)) -> 0 | H63: =가정!$C$37+D63*가정!$C$14+E63*가정!$C$18 -> -0.005 | I63: =I62*(1+H63) -> 14.879617 | J63: =I63*(1+G63*가정!$C$19) -> 14.879617 | K63: =I63*가정!$C$36*(1+G63*가정!$C$19*가정!$C$24) -> 7.4398086 | L63: =가정!$C$38+D63*가정!$C$12+E63*가정!$C$17 -> 0.111 | M63: =가정!$C$38+가정!$C$23*(L63-가정!$C$38) -> 0.111 | N63: =N62+K62 -> 512.03828 | O63: =K63+가정!$C$33*M63+N63*L63 -> 109.34206 | P63: =가정!$C$39*(1+D63*가정!$C$13) -> 1.289 | Q63: =1+F63*가정!$C$15 -> 1 | R63: =P63*Q63 -> 1.289 | S63: =O63*R63 -> 140.94191 | T63: =IF(F63=1,가정!$C$16,가정!$C$40) -> 31846 | U63: =S63*T63/10000 -> 448.84361 | V63: =U63/(1-가정!$C$41)*가정!$C$42 -> 472.46696 | W63: =가정!$C$33+N63+K63 -> 925.47808 | X63: =X62+J63-K63 -> 1135.4781 | Y63: =W63+X63 -> 2060.9562 | Z63: =O63*P63 -> 140.94191

Sheet S2_익일
A1: S2 익일배송
A2: 레버 값은 가정 시트 A에서, 나머지는 B~D에서 가져옵니다. 이 시트는 수정하지 마십시오.
A3: 월차 | B3: 연도 | C3: 월 | D3: 익일 진행도 | E3: 무배 진행도 | F3: 무배 적용 | G3: 회원확대 진행도 | H3: 가입 증감률 | I3: 기본 가입 추세 (만명) | J3: 월 가입 (만명) | K3: 신규 구매고객 (만명) | L3: 잔존율 신규 코호트 | M3: 잔존율 기존 고객 | N3: 2027~ 누적 (월초, 만명) | O3: 활동 구매고객 (만명) | P3: 익일 효과 빈도 | Q3: 즉시 주문 배수 | R3: 구매빈도 (건/월) | S3: 구매건수 (만건) | T3: 객단가 (원) | U3: 택배매출 (억원) | V3: 총매출 (억원) | W3: 누적 구매고객 (만명) | X3: 미전환 회원 (만명) | Y3: 회원수 (만명) | Z3: 활동×익일빈도 (보조)
A4: 1 | B4: 2027 | C4: 1 | D4: =가정!$D$6*MIN(1,MAX(0,(A4-가정!$C$28+1)/가정!$C$30)) -> 0 | E4: =IF(가정!$D$7<30000,1,0)*MIN(1,MAX(0,(A4-가정!$C$29+1)/가정!$C$30)) -> 0 | F4: =IF(가정!$D$7<30000,1,0)*IF(A4>=가정!$C$29,1,0) -> 0 | G4: =가정!$D$8*MIN(1,MAX(0,(A4-가정!$C$31+1)/가정!$C$32)) -> 0 | H4: =가정!$C$37+D4*가정!$C$14+E4*가정!$C$18 -> -0.005 | I4: =가정!$C$35 -> 20 | J4: =I4*(1+G4*가정!$C$19) -> 20 | K4: =I4*가정!$C$36*(1+G4*가정!$C$19*가정!$C$24) -> 10 | L4: =가정!$C$38+D4*가정!$C$12+E4*가정!$C$17 -> 0.111 | M4: =가정!$C$38+가정!$C$23*(L4-가정!$C$38) -> 0.111 | N4: =0 -> 0 | O4: =K4+가정!$C$33*M4+N4*L4 -> 55.066 | P4: =가정!$C$39*(1+D4*가정!$C$13) -> 1.289 | Q4: =1+F4*가정!$C$15 -> 1 | R4: =P4*Q4 -> 1.289 | S4: =O4*R4 -> 70.980074 | T4: =IF(F4=1,가정!$C$16,가정!$C$40) -> 31846 | U4: =S4*T4/10000 -> 226.04314 | V4: =U4/(1-가정!$C$41)*가정!$C$42 -> 237.94015 | W4: =가정!$C$33+N4+K4 -> 416 | X4: =(가정!$C$34-가정!$C$33)+J4-K4 -> 626 | Y4: =W4+X4 -> 1042 | Z4: =O4*P4 -> 70.980074
A5: 2 | B5: 2027 | C5: 2 | D5: =가정!$D$6*MIN(1,MAX(0,(A5-가정!$C$28+1)/가정!$C$30)) -> 0 | E5: =IF(가정!$D$7<30000,1,0)*MIN(1,MAX(0,(A5-가정!$C$29+1)/가정!$C$30)) -> 0 | F5: =IF(가정!$D$7<30000,1,0)*IF(A5>=가정!$C$29,1,0) -> 0 | G5: =가정!$D$8*MIN(1,MAX(0,(A5-가정!$C$31+1)/가정!$C$32)) -> 0 | H5: =가정!$C$37+D5*가정!$C$14+E5*가정!$C$18 -> -0.005 | I5: =I4*(1+H5) -> 19.9 | J5: =I5*(1+G5*가정!$C$19) -> 19.9 | K5: =I5*가정!$C$36*(1+G5*가정!$C$19*가정!$C$24) -> 9.95 | L5: =가정!$C$38+D5*가정!$C$12+E5*가정!$C$17 -> 0.111 | M5: =가정!$C$38+가정!$C$23*(L5-가정!$C$38) -> 0.111 | N5: =N4+K4 -> 10 | O5: =K5+가정!$C$33*M5+N5*L5 -> 56.126 | P5: =가정!$C$39*(1+D5*가정!$C$13) -> 1.289 | Q5: =1+F5*가정!$C$15 -> 1 | R5: =P5*Q5 -> 1.289 | S5: =O5*R5 -> 72.346414 | T5: =IF(F5=1,가정!$C$16,가정!$C$40) -> 31846 | U5: =S5*T5/10000 -> 230.39439 | V5: =U5/(1-가정!$C$41)*가정!$C$42 -> 242.52041 | W5: =가정!$C$33+N5+K5 -> 425.95 | X5: =X4+J5-K5 -> 635.95 | Y5: =W5+X5 -> 1061.9 | Z5: =O5*P5 -> 72.346414
A6: 3 | B6: 2027 | C6: 3 | D6: =가정!$D$6*MIN(1,MAX(0,(A6-가정!$C$28+1)/가정!$C$30)) -> 0 | E6: =IF(가정!$D$7<30000,1,0)*MIN(1,MAX(0,(A6-가정!$C$29+1)/가정!$C$30)) -> 0 | F6: =IF(가정!$D$7<30000,1,0)*IF(A6>=가정!$C$29,1,0) -> 0 | G6: =가정!$D$8*MIN(1,MAX(0,(A6-가정!$C$31+1)/가정!$C$32)) -> 0 | H6: =가정!$C$37+D6*가정!$C$14+E6*가정!$C$18 -> -0.005 | I6: =I5*(1+H6) -> 19.8005 | J6: =I6*(1+G6*가정!$C$19) -> 19.8005 | K6: =I6*가정!$C$36*(1+G6*가정!$C$19*가정!$C$24) -> 9.90025 | L6: =가정!$C$38+D6*가정!$C$12+E6*가정!$C$17 -> 0.111 | M6: =가정!$C$38+가정!$C$23*(L6-가정!$C$38) -> 0.111 | N6: =N5+K5 -> 19.95 | O6: =K6+가정!$C$33*M6+N6*L6 -> 57.1807 | P6: =가정!$C$39*(1+D6*가정!$C$13) -> 1.289 | Q6: =1+F6*가정!$C$15 -> 1 | R6: =P6*Q6 -> 1.289 | S6: =O6*R6 -> 73.705922 | T6: =IF(F6=1,가정!$C$16,가정!$C$40) -> 31846 | U6: =S6*T6/10000 -> 234.72388 | V6: =U6/(1-가정!$C$41)*가정!$C$42 -> 247.07777 | W6: =가정!$C$33+N6+K6 -> 435.85025 | X6: =X5+J6-K6 -> 645.85025 | Y6: =W6+X6 -> 1081.7005 | Z6: =O6*P6 -> 73.705922
A7: 4 | B7: 2027 | C7: 4 | D7: =가정!$D$6*MIN(1,MAX(0,(A7-가정!$C$28+1)/가정!$C$30)) -> 0 | E7: =IF(가정!$D$7<30000,1,0)*MIN(1,MAX(0,(A7-가정!$C$29+1)/가정!$C$30)) -> 0 | F7: =IF(가정!$D$7<30000,1,0)*IF(A7>=가정!$C$29,1,0) -> 0 | G7: =가정!$D$8*MIN(1,MAX(0,(A7-가정!$C$31+1)/가정!$C$32)) -> 0 | H7: =가정!$C$37+D7*가정!$C$14+E7*가정!$C$18 -> -0.005 | I7: =I6*(1+H7) -> 19.701497 | J7: =I7*(1+G7*가정!$C$19) -> 19.701497 | K7: =I7*가정!$C$36*(1+G7*가정!$C$19*가정!$C$24) -> 9.8507487 | L7: =가정!$C$38+D7*가정!$C$12+E7*가정!$C$17 -> 0.111 | M7: =가정!$C$38+가정!$C$23*(L7-가정!$C$38) -> 0.111 | N7: =N6+K6 -> 29.85025 | O7: =K7+가정!$C$33*M7+N7*L7 -> 58.230127 | P7: =가정!$C$39*(1+D7*가정!$C$13) -> 1.289 | Q7: =1+F7*가정!$C$15 -> 1 | R7: =P7*Q7 -> 1.289 | S7: =O7*R7 -> 75.058633 | T7: =IF(F7=1,가정!$C$16,가정!$C$40) -> 31846 | U7: =S7*T7/10000 -> 239.03172 | V7: =U7/(1-가정!$C$41)*가정!$C$42 -> 251.61234 | W7: =가정!$C$33+N7+K7 -> 445.701 | X7: =X6+J7-K7 -> 655.701 | Y7: =W7+X7 -> 1101.402 | Z7: =O7*P7 -> 75.058633
A8: 5 | B8: 2027 | C8: 5 | D8: =가정!$D$6*MIN(1,MAX(0,(A8-가정!$C$28+1)/가정!$C$30)) -> 0 | E8: =IF(가정!$D$7<30000,1,0)*MIN(1,MAX(0,(A8-가정!$C$29+1)/가정!$C$30)) -> 0 | F8: =IF(가정!$D$7<30000,1,0)*IF(A8>=가정!$C$29,1,0) -> 0 | G8: =가정!$D$8*MIN(1,MAX(0,(A8-가정!$C$31+1)/가정!$C$32)) -> 0 | H8: =가정!$C$37+D8*가정!$C$14+E8*가정!$C$18 -> -0.005 | I8: =I7*(1+H8) -> 19.60299 | J8: =I8*(1+G8*가정!$C$19) -> 19.60299 | K8: =I8*가정!$C$36*(1+G8*가정!$C$19*가정!$C$24) -> 9.801495 | L8: =가정!$C$38+D8*가정!$C$12+E8*가정!$C$17 -> 0.111 | M8: =가정!$C$38+가정!$C$23*(L8-가정!$C$38) -> 0.111 | N8: =N7+K7 -> 39.700999 | O8: =K8+가정!$C$33*M8+N8*L8 -> 59.274306 | P8: =가정!$C$39*(1+D8*가정!$C$13) -> 1.289 | Q8: =1+F8*가정!$C$15 -> 1 | R8: =P8*Q8 -> 1.289 | S8: =O8*R8 -> 76.40458 | T8: =IF(F8=1,가정!$C$16,가정!$C$40) -> 31846 | U8: =S8*T8/10000 -> 243.31803 | V8: =U8/(1-가정!$C$41)*가정!$C$42 -> 256.12424 | W8: =가정!$C$33+N8+K8 -> 455.50249 | X8: =X7+J8-K8 -> 665.50249 | Y8: =W8+X8 -> 1121.005 | Z8: =O8*P8 -> 76.40458
A9: 6 | B9: 2027 | C9: 6 | D9: =가정!$D$6*MIN(1,MAX(0,(A9-가정!$C$28+1)/가정!$C$30)) -> 0.020833333 | E9: =IF(가정!$D$7<30000,1,0)*MIN(1,MAX(0,(A9-가정!$C$29+1)/가정!$C$30)) -> 0 | F9: =IF(가정!$D$7<30000,1,0)*IF(A9>=가정!$C$29,1,0) -> 0 | G9: =가정!$D$8*MIN(1,MAX(0,(A9-가정!$C$31+1)/가정!$C$32)) -> 0 | H9: =가정!$C$37+D9*가정!$C$14+E9*가정!$C$18 -> -0.0049583333 | I9: =I8*(1+H9) -> 19.505792 | J9: =I9*(1+G9*가정!$C$19) -> 19.505792 | K9: =I9*가정!$C$36*(1+G9*가정!$C$19*가정!$C$24) -> 9.7528959 | L9: =가정!$C$38+D9*가정!$C$12+E9*가정!$C$17 -> 0.11139583 | M9: =가정!$C$38+가정!$C$23*(L9-가정!$C$38) -> 0.11139583 | N9: =N8+K8 -> 49.502494 | O9: =K9+가정!$C$33*M9+N9*L9 -> 60.493976 | P9: =가정!$C$39*(1+D9*가정!$C$13) -> 1.2943708 | Q9: =1+F9*가정!$C$15 -> 1 | R9: =P9*Q9 -> 1.2943708 | S9: =O9*R9 -> 78.301638 | T9: =IF(F9=1,가정!$C$16,가정!$C$40) -> 31846 | U9: =S9*T9/10000 -> 249.3594 | V9: =U9/(1-가정!$C$41)*가정!$C$42 -> 262.48357 | W9: =가정!$C$33+N9+K9 -> 465.25539 | X9: =X8+J9-K9 -> 675.25539 | Y9: =W9+X9 -> 1140.5108 | Z9: =O9*P9 -> 78.301638
A10: 7 | B10: 2027 | C10: 7 | D10: =가정!$D$6*MIN(1,MAX(0,(A10-가정!$C$28+1)/가정!$C$30)) -> 0.041666667 | E10: =IF(가정!$D$7<30000,1,0)*MIN(1,MAX(0,(A10-가정!$C$29+1)/가정!$C$30)) -> 0 | F10: =IF(가정!$D$7<30000,1,0)*IF(A10>=가정!$C$29,1,0) -> 0 | G10: =가정!$D$8*MIN(1,MAX(0,(A10-가정!$C$31+1)/가정!$C$32)) -> 0 | H10: =가정!$C$37+D10*가정!$C$14+E10*가정!$C$18 -> -0.0049166667 | I10: =I9*(1+H10) -> 19.409888 | J10: =I10*(1+G10*가정!$C$19) -> 19.409888 | K10: =I10*가정!$C$36*(1+G10*가정!$C$19*가정!$C$24) -> 9.7049442 | L10: =가정!$C$38+D10*가정!$C$12+E10*가정!$C$17 -> 0.11179167 | M10: =가정!$C$38+가정!$C$23*(L10-가정!$C$38) -> 0.11179167 | N10: =N9+K9 -> 59.25539 | O10: =K10+가정!$C$33*M10+N10*L10 -> 61.71662 | P10: =가정!$C$39*(1+D10*가정!$C$13) -> 1.2997417 | Q10: =1+F10*가정!$C$15 -> 1 | R10: =P10*Q10 -> 1.2997417 | S10: =O10*R10 -> 80.215662 | T10: =IF(F10=1,가정!$C$16,가정!$C$40) -> 31846 | U10: =S10*T10/10000 -> 255.4548 | V10: =U10/(1-가정!$C$41)*가정!$C$42 -> 268.89979 | W10: =가정!$C$33+N10+K10 -> 474.96033 | X10: =X9+J10-K10 -> 684.96033 | Y10: =W10+X10 -> 1159.9207 | Z10: =O10*P10 -> 80.215662
A11: 8 | B11: 2027 | C11: 8 | D11: =가정!$D$6*MIN(1,MAX(0,(A11-가정!$C$28+1)/가정!$C$30)) -> 0.0625 | E11: =IF(가정!$D$7<30000,1,0)*MIN(1,MAX(0,(A11-가정!$C$29+1)/가정!$C$30)) -> 0 | F11: =IF(가정!$D$7<30000,1,0)*IF(A11>=가정!$C$29,1,0) -> 0 | G11: =가정!$D$8*MIN(1,MAX(0,(A11-가정!$C$31+1)/가정!$C$32)) -> 0 | H11: =가정!$C$37+D11*가정!$C$14+E11*가정!$C$18 -> -0.004875 | I11: =I10*(1+H11) -> 19.315265 | J11: =I11*(1+G11*가정!$C$19) -> 19.315265 | K11: =I11*가정!$C$36*(1+G11*가정!$C$19*가정!$C$24) -> 9.6576326 | L11: =가정!$C$38+D11*가정!$C$12+E11*가정!$C$17 -> 0.1121875 | M11: =가정!$C$38+가정!$C$23*(L11-가정!$C$38) -> 0.1121875 | N11: =N10+K10 -> 68.960334 | O11: =K11+가정!$C$33*M11+N11*L11 -> 62.942245 | P11: =가정!$C$39*(1+D11*가정!$C$13) -> 1.3051125 | Q11: =1+F11*가정!$C$15 -> 1 | R11: =P11*Q11 -> 1.3051125 | S11: =O11*R11 -> 82.146711 | T11: =IF(F11=1,가정!$C$16,가정!$C$40) -> 31846 | U11: =S11*T11/10000 -> 261.60442 | V11: =U11/(1-가정!$C$41)*가정!$C$42 -> 275.37307 | W11: =가정!$C$33+N11+K11 -> 484.61797 | X11: =X10+J11-K11 -> 694.61797 | Y11: =W11+X11 -> 1179.2359 | Z11: =O11*P11 -> 82.146711
A12: 9 | B12: 2027 | C12: 9 | D12: =가정!$D$6*MIN(1,MAX(0,(A12-가정!$C$28+1)/가정!$C$30)) -> 0.083333333 | E12: =IF(가정!$D$7<30000,1,0)*MIN(1,MAX(0,(A12-가정!$C$29+1)/가정!$C$30)) -> 0 | F12: =IF(가정!$D$7<30000,1,0)*IF(A12>=가정!$C$29,1,0) -> 0 | G12: =가정!$D$8*MIN(1,MAX(0,(A12-가정!$C$31+1)/가정!$C$32)) -> 0 | H12: =가정!$C$37+D12*가정!$C$14+E12*가정!$C$18 -> -0.0048333333 | I12: =I11*(1+H12) -> 19.221908 | J12: =I12*(1+G12*가정!$C$19) -> 19.221908 | K12: =I12*가정!$C$36*(1+G12*가정!$C$19*가정!$C$24) -> 9.610954 | L12: =가정!$C$38+D12*가정!$C$12+E12*가정!$C$17 -> 0.11258333 | M12: =가정!$C$38+가정!$C$23*(L12-가정!$C$38) -> 0.11258333 | N12: =N11+K11 -> 78.617966 | O12: =K12+가정!$C$33*M12+N12*L12 -> 64.17086 | P12: =가정!$C$39*(1+D12*가정!$C$13) -> 1.3104833 | Q12: =1+F12*가정!$C$15 -> 1 | R12: =P12*Q12 -> 1.3104833 | S12: =O12*R12 -> 84.094843 | T12: =IF(F12=1,가정!$C$16,가정!$C$40) -> 31846 | U12: =S12*T12/10000 -> 267.80844 | V12: =U12/(1-가정!$C$41)*가정!$C$42 -> 281.90362 | W12: =가정!$C$33+N12+K12 -> 494.22892 | X12: =X11+J12-K12 -> 704.22892 | Y12: =W12+X12 -> 1198.4578 | Z12: =O12*P12 -> 84.094843
A13: 10 | B13: 2027 | C13: 10 | D13: =가정!$D$6*MIN(1,MAX(0,(A13-가정!$C$28+1)/가정!$C$30)) -> 0.10416667 | E13: =IF(가정!$D$7<30000,1,0)*MIN(1,MAX(0,(A13-가정!$C$29+1)/가정!$C$30)) -> 0 | F13: =IF(가정!$D$7<30000,1,0)*IF(A13>=가정!$C$29,1,0) -> 0 | G13: =가정!$D$8*MIN(1,MAX(0,(A13-가정!$C$31+1)/가정!$C$32)) -> 0 | H13: =가정!$C$37+D13*가정!$C$14+E13*가정!$C$18 -> -0.0047916667 | I13: =I12*(1+H13) -> 19.129803 | J13: =I13*(1+G13*가정!$C$19) -> 19.129803 | K13: =I13*가정!$C$36*(1+G13*가정!$C$19*가정!$C$24) -> 9.5649015 | L13: =가정!$C$38+D13*가정!$C$12+E13*가정!$C$17 -> 0.11297917 | M13: =가정!$C$38+가정!$C$23*(L13-가정!$C$38) -> 0.11297917 | N13: =N12+K12 -> 88.22892 | O13: =K13+가정!$C$33*M13+N13*L13 -> 65.402473 | P13: =가정!$C$39*(1+D13*가정!$C$13) -> 1.3158542 | Q13: =1+F13*가정!$C$15 -> 1 | R13: =P13*Q13 -> 1.3158542 | S13: =O13*R13 -> 86.060117 | T13: =IF(F13=1,가정!$C$16,가정!$C$40) -> 31846 | U13: =S13*T13/10000 -> 274.06705 | V13: =U13/(1-가정!$C$41)*가정!$C$42 -> 288.49163 | W13: =가정!$C$33+N13+K13 -> 503.79382 | X13: =X12+J13-K13 -> 713.79382 | Y13: =W13+X13 -> 1217.5876 | Z13: =O13*P13 -> 86.060117
A14: 11 | B14: 2027 | C14: 11 | D14: =가정!$D$6*MIN(1,MAX(0,(A14-가정!$C$28+1)/가정!$C$30)) -> 0.125 | E14: =IF(가정!$D$7<30000,1,0)*MIN(1,MAX(0,(A14-가정!$C$29+1)/가정!$C$30)) -> 0 | F14: =IF(가정!$D$7<30000,1,0)*IF(A14>=가정!$C$29,1,0) -> 0 | G14: =가정!$D$8*MIN(1,MAX(0,(A14-가정!$C$31+1)/가정!$C$32)) -> 0 | H14: =가정!$C$37+D14*가정!$C$14+E14*가정!$C$18 -> -0.00475 | I14: =I13*(1+H14) -> 19.038937 | J14: =I14*(1+G14*가정!$C$19) -> 19.038937 | K14: =I14*가정!$C$36*(1+G14*가정!$C$19*가정!$C$24) -> 9.5194683 | L14: =가정!$C$38+D14*가정!$C$12+E14*가정!$C$17 -> 0.113375 | M14: =가정!$C$38+가정!$C$23*(L14-가정!$C$38) -> 0.113375 | N14: =N13+K13 -> 97.793822 | O14: =K14+가정!$C$33*M14+N14*L14 -> 66.637093 | P14: =가정!$C$39*(1+D14*가정!$C$13) -> 1.321225 | Q14: =1+F14*가정!$C$15 -> 1 | R14: =P14*Q14 -> 1.321225 | S14: =O14*R14 -> 88.042593 | T14: =IF(F14=1,가정!$C$16,가정!$C$40) -> 31846 | U14: =S14*T14/10000 -> 280.38044 | V14: =U14/(1-가정!$C$41)*가정!$C$42 -> 295.13731 | W14: =가정!$C$33+N14+K14 -> 513.31329 | X14: =X13+J14-K14 -> 723.31329 | Y14: =W14+X14 -> 1236.6266 | Z14: =O14*P14 -> 88.042593
A15: 12 | B15: 2027 | C15: 12 | D15: =가정!$D$6*MIN(1,MAX(0,(A15-가정!$C$28+1)/가정!$C$30)) -> 0.14583333 | E15: =IF(가정!$D$7<30000,1,0)*MIN(1,MAX(0,(A15-가정!$C$29+1)/가정!$C$30)) -> 0 | F15: =IF(가정!$D$7<30000,1,0)*IF(A15>=가정!$C$29,1,0) -> 0 | G15: =가정!$D$8*MIN(1,MAX(0,(A15-가정!$C$31+1)/가정!$C$32)) -> 0 | H15: =가정!$C$37+D15*가정!$C$14+E15*가정!$C$18 -> -0.0047083333 | I15: =I14*(1+H15) -> 18.949295 | J15: =I15*(1+G15*가정!$C$19) -> 18.949295 | K15: =I15*가정!$C$36*(1+G15*가정!$C$19*가정!$C$24) -> 9.4746474 | L15: =가정!$C$38+D15*가정!$C$12+E15*가정!$C$17 -> 0.11377083 | M15: =가정!$C$38+가정!$C$23*(L15-가정!$C$38) -> 0.11377083 | N15: =N14+K14 -> 107.31329 | O15: =K15+가정!$C$33*M15+N15*L15 -> 67.874728 | P15: =가정!$C$39*(1+D15*가정!$C$13) -> 1.3265958 | Q15: =1+F15*가정!$C$15 -> 1 | R15: =P15*Q15 -> 1.3265958 | S15: =O15*R15 -> 90.042332 | T15: =IF(F15=1,가정!$C$16,가정!$C$40) -> 31846 | U15: =S15*T15/10000 -> 286.74881 | V15: =U15/(1-가정!$C$41)*가정!$C$42 -> 301.84085 | W15: =가정!$C$33+N15+K15 -> 522.78794 | X15: =X14+J15-K15 -> 732.78794 | Y15: =W15+X15 -> 1255.5759 | Z15: =O15*P15 -> 90.042332
A16: 13 | B16: 2028 | C16: 1 | D16: =가정!$D$6*MIN(1,MAX(0,(A16-가정!$C$28+1)/가정!$C$30)) -> 0.16666667 | E16: =IF(가정!$D$7<30000,1,0)*MIN(1,MAX(0,(A16-가정!$C$29+1)/가정!$C$30)) -> 0 | F16: =IF(가정!$D$7<30000,1,0)*IF(A16>=가정!$C$29,1,0) -> 0 | G16: =가정!$D$8*MIN(1,MAX(0,(A16-가정!$C$31+1)/가정!$C$32)) -> 0 | H16: =가정!$C$37+D16*가정!$C$14+E16*가정!$C$18 -> -0.0046666667 | I16: =I15*(1+H16) -> 18.860865 | J16: =I16*(1+G16*가정!$C$19) -> 18.860865 | K16: =I16*가정!$C$36*(1+G16*가정!$C$19*가정!$C$24) -> 9.4304324 | L16: =가정!$C$38+D16*가정!$C$12+E16*가정!$C$17 -> 0.11416667 | M16: =가정!$C$38+가정!$C$23*(L16-가정!$C$38) -> 0.11416667 | N16: =N15+K15 -> 116.78794 | O16: =K16+가정!$C$33*M16+N16*L16 -> 69.115389 | P16: =가정!$C$39*(1+D16*가정!$C$13) -> 1.3319667 | Q16: =1+F16*가정!$C$15 -> 1 | R16: =P16*Q16 -> 1.3319667 | S16: =O16*R16 -> 92.059394 | T16: =IF(F16=1,가정!$C$16,가정!$C$40) -> 31846 | U16: =S16*T16/10000 -> 293.17235 | V16: =U16/(1-가정!$C$41)*가정!$C$42 -> 308.60247 | W16: =가정!$C$33+N16+K16 -> 532.21837 | X16: =X15+J16-K16 -> 742.21837 | Y16: =W16+X16 -> 1274.4367 | Z16: =O16*P16 -> 92.059394
... A63: 60 | B63: 2031 | C63: 12 | D63: =가정!$D$6*MIN(1,MAX(0,(A63-가정!$C$28+1)/가정!$C$30)) -> 1 | E63: =IF(가정!$D$7<30000,1,0)*MIN(1,MAX(0,(A63-가정!$C$29+1)/가정!$C$30)) -> 0 | F63: =IF(가정!$D$7<30000,1,0)*IF(A63>=가정!$C$29,1,0) -> 0 | G63: =가정!$D$8*MIN(1,MAX(0,(A63-가정!$C$31+1)/가정!$C$32)) -> 0 | H63: =가정!$C$37+D63*가정!$C$14+E63*가정!$C$18 -> -0.003 | I63: =I62*(1+H63) -> 15.851458 | J63: =I63*(1+G63*가정!$C$19) -> 15.851458 | K63: =I63*가정!$C$36*(1+G63*가정!$C$19*가정!$C$24) -> 7.9257288 | L63: =가정!$C$38+D63*가정!$C$12+E63*가정!$C$17 -> 0.13 | M63: =가정!$C$38+가정!$C$23*(L63-가정!$C$38) -> 0.13 | N63: =N62+K62 -> 521.47805 | O63: =K63+가정!$C$33*M63+N63*L63 -> 128.49788 | P63: =가정!$C$39*(1+D63*가정!$C$13) -> 1.5468 | Q63: =1+F63*가정!$C$15 -> 1 | R63: =P63*Q63 -> 1.5468 | S63: =O63*R63 -> 198.76051 | T63: =IF(F63=1,가정!$C$16,가정!$C$40) -> 31846 | U63: =S63*T63/10000 -> 632.97273 | V63: =U63/(1-가정!$C$41)*가정!$C$42 -> 666.28709 | W63: =가정!$C$33+N63+K63 -> 935.40378 | X63: =X62+J63-K63 -> 1145.4038 | Y63: =W63+X63 -> 2080.8076 | Z63: =O63*P63 -> 198.76051

Sheet S3_익일무배
A1: S3 익일배송 + 무배 2.5만
A2: 레버 값은 가정 시트 A에서, 나머지는 B~D에서 가져옵니다. 이 시트는 수정하지 마십시오.
A3: 월차 | B3: 연도 | C3: 월 | D3: 익일 진행도 | E3: 무배 진행도 | F3: 무배 적용 | G3: 회원확대 진행도 | H3: 가입 증감률 | I3: 기본 가입 추세 (만명) | J3: 월 가입 (만명) | K3: 신규 구매고객 (만명) | L3: 잔존율 신규 코호트 | M3: 잔존율 기존 고객 | N3: 2027~ 누적 (월초, 만명) | O3: 활동 구매고객 (만명) | P3: 익일 효과 빈도 | Q3: 즉시 주문 배수 | R3: 구매빈도 (건/월) | S3: 구매건수 (만건) | T3: 객단가 (원) | U3: 택배매출 (억원) | V3: 총매출 (억원) | W3: 누적 구매고객 (만명) | X3: 미전환 회원 (만명) | Y3: 회원수 (만명) | Z3: 활동×익일빈도 (보조)
A4: 1 | B4: 2027 | C4: 1 | D4: =가정!$E$6*MIN(1,MAX(0,(A4-가정!$C$28+1)/가정!$C$30)) -> 0 | E4: =IF(가정!$E$7<30000,1,0)*MIN(1,MAX(0,(A4-가정!$C$29+1)/가정!$C$30)) -> 0 | F4: =IF(가정!$E$7<30000,1,0)*IF(A4>=가정!$C$29,1,0) -> 0 | G4: =가정!$E$8*MIN(1,MAX(0,(A4-가정!$C$31+1)/가정!$C$32)) -> 0 | H4: =가정!$C$37+D4*가정!$C$14+E4*가정!$C$18 -> -0.005 | I4: =가정!$C$35 -> 20 | J4: =I4*(1+G4*가정!$C$19) -> 20 | K4: =I4*가정!$C$36*(1+G4*가정!$C$19*가정!$C$24) -> 10 | L4: =가정!$C$38+D4*가정!$C$12+E4*가정!$C$17 -> 0.111 | M4: =가정!$C$38+가정!$C$23*(L4-가정!$C$38) -> 0.111 | N4: =0 -> 0 | O4: =K4+가정!$C$33*M4+N4*L4 -> 55.066 | P4: =가정!$C$39*(1+D4*가정!$C$13) -> 1.289 | Q4: =1+F4*가정!$C$15 -> 1 | R4: =P4*Q4 -> 1.289 | S4: =O4*R4 -> 70.980074 | T4: =IF(F4=1,가정!$C$16,가정!$C$40) -> 31846 | U4: =S4*T4/10000 -> 226.04314 | V4: =U4/(1-가정!$C$41)*가정!$C$42 -> 237.94015 | W4: =가정!$C$33+N4+K4 -> 416 | X4: =(가정!$C$34-가정!$C$33)+J4-K4 -> 626 | Y4: =W4+X4 -> 1042 | Z4: =O4*P4 -> 70.980074
A5: 2 | B5: 2027 | C5: 2 | D5: =가정!$E$6*MIN(1,MAX(0,(A5-가정!$C$28+1)/가정!$C$30)) -> 0 | E5: =IF(가정!$E$7<30000,1,0)*MIN(1,MAX(0,(A5-가정!$C$29+1)/가정!$C$30)) -> 0 | F5: =IF(가정!$E$7<30000,1,0)*IF(A5>=가정!$C$29,1,0) -> 0 | G5: =가정!$E$8*MIN(1,MAX(0,(A5-가정!$C$31+1)/가정!$C$32)) -> 0 | H5: =가정!$C$37+D5*가정!$C$14+E5*가정!$C$18 -> -0.005 | I5: =I4*(1+H5) -> 19.9 | J5: =I5*(1+G5*가정!$C$19) -> 19.9 | K5: =I5*가정!$C$36*(1+G5*가정!$C$19*가정!$C$24) -> 9.95 | L5: =가정!$C$38+D5*가정!$C$12+E5*가정!$C$17 -> 0.111 | M5: =가정!$C$38+가정!$C$23*(L5-가정!$C$38) -> 0.111 | N5: =N4+K4 -> 10 | O5: =K5+가정!$C$33*M5+N5*L5 -> 56.126 | P5: =가정!$C$39*(1+D5*가정!$C$13) -> 1.289 | Q5: =1+F5*가정!$C$15 -> 1 | R5: =P5*Q5 -> 1.289 | S5: =O5*R5 -> 72.346414 | T5: =IF(F5=1,가정!$C$16,가정!$C$40) -> 31846 | U5: =S5*T5/10000 -> 230.39439 | V5: =U5/(1-가정!$C$41)*가정!$C$42 -> 242.52041 | W5: =가정!$C$33+N5+K5 -> 425.95 | X5: =X4+J5-K5 -> 635.95 | Y5: =W5+X5 -> 1061.9 | Z5: =O5*P5 -> 72.346414
A6: 3 | B6: 2027 | C6: 3 | D6: =가정!$E$6*MIN(1,MAX(0,(A6-가정!$C$28+1)/가정!$C$30)) -> 0 | E6: =IF(가정!$E$7<30000,1,0)*MIN(1,MAX(0,(A6-가정!$C$29+1)/가정!$C$30)) -> 0 | F6: =IF(가정!$E$7<30000,1,0)*IF(A6>=가정!$C$29,1,0) -> 0 | G6: =가정!$E$8*MIN(1,MAX(0,(A6-가정!$C$31+1)/가정!$C$32)) -> 0 | H6: =가정!$C$37+D6*가정!$C$14+E6*가정!$C$18 -> -0.005 | I6: =I5*(1+H6) -> 19.8005 | J6: =I6*(1+G6*가정!$C$19) -> 19.8005 | K6: =I6*가정!$C$36*(1+G6*가정!$C$19*가정!$C$24) -> 9.90025 | L6: =가정!$C$38+D6*가정!$C$12+E6*가정!$C$17 -> 0.111 | M6: =가정!$C$38+가정!$C$23*(L6-가정!$C$38) -> 0.111 | N6: =N5+K5 -> 19.95 | O6: =K6+가정!$C$33*M6+N6*L6 -> 57.1807 | P6: =가정!$C$39*(1+D6*가정!$C$13) -> 1.289 | Q6: =1+F6*가정!$C$15 -> 1 | R6: =P6*Q6 -> 1.289 | S6: =O6*R6 -> 73.705922 | T6: =IF(F6=1,가정!$C$16,가정!$C$40) -> 31846 | U6: =S6*T6/10000 -> 234.72388 | V6: =U6/(1-가정!$C$41)*가정!$C$42 -> 247.07777 | W6: =가정!$C$33+N6+K6 -> 435.85025 | X6: =X5+J6-K6 -> 645.85025 | Y6: =W6+X6 -> 1081.7005 | Z6: =O6*P6 -> 73.705922
A7: 4 | B7: 2027 | C7: 4 | D7: =가정!$E$6*MIN(1,MAX(0,(A7-가정!$C$28+1)/가정!$C$30)) -> 0 | E7: =IF(가정!$E$7<30000,1,0)*MIN(1,MAX(0,(A7-가정!$C$29+1)/가정!$C$30)) -> 0 | F7: =IF(가정!$E$7<30000,1,0)*IF(A7>=가정!$C$29,1,0) -> 0 | G7: =가정!$E$8*MIN(1,MAX(0,(A7-가정!$C$31+1)/가정!$C$32)) -> 0 | H7: =가정!$C$37+D7*가정!$C$14+E7*가정!$C$18 -> -0.005 | I7: =I6*(1+H7) -> 19.701497 | J7: =I7*(1+G7*가정!$C$19) -> 19.701497 | K7: =I7*가정!$C$36*(1+G7*가정!$C$19*가정!$C$24) -> 9.8507487 | L7: =가정!$C$38+D7*가정!$C$12+E7*가정!$C$17 -> 0.111 | M7: =가정!$C$38+가정!$C$23*(L7-가정!$C$38) -> 0.111 | N7: =N6+K6 -> 29.85025 | O7: =K7+가정!$C$33*M7+N7*L7 -> 58.230127 | P7: =가정!$C$39*(1+D7*가정!$C$13) -> 1.289 | Q7: =1+F7*가정!$C$15 -> 1 | R7: =P7*Q7 -> 1.289 | S7: =O7*R7 -> 75.058633 | T7: =IF(F7=1,가정!$C$16,가정!$C$40) -> 31846 | U7: =S7*T7/10000 -> 239.03172 | V7: =U7/(1-가정!$C$41)*가정!$C$42 -> 251.61234 | W7: =가정!$C$33+N7+K7 -> 445.701 | X7: =X6+J7-K7 -> 655.701 | Y7: =W7+X7 -> 1101.402 | Z7: =O7*P7 -> 75.058633
A8: 5 | B8: 2027 | C8: 5 | D8: =가정!$E$6*MIN(1,MAX(0,(A8-가정!$C$28+1)/가정!$C$30)) -> 0 | E8: =IF(가정!$E$7<30000,1,0)*MIN(1,MAX(0,(A8-가정!$C$29+1)/가정!$C$30)) -> 0 | F8: =IF(가정!$E$7<30000,1,0)*IF(A8>=가정!$C$29,1,0) -> 0 | G8: =가정!$E$8*MIN(1,MAX(0,(A8-가정!$C$31+1)/가정!$C$32)) -> 0 | H8: =가정!$C$37+D8*가정!$C$14+E8*가정!$C$18 -> -0.005 | I8: =I7*(1+H8) -> 19.60299 | J8: =I8*(1+G8*가정!$C$19) -> 19.60299 | K8: =I8*가정!$C$36*(1+G8*가정!$C$19*가정!$C$24) -> 9.801495 | L8: =가정!$C$38+D8*가정!$C$12+E8*가정!$C$17 -> 0.111 | M8: =가정!$C$38+가정!$C$23*(L8-가정!$C$38) -> 0.111 | N8: =N7+K7 -> 39.700999 | O8: =K8+가정!$C$33*M8+N8*L8 -> 59.274306 | P8: =가정!$C$39*(1+D8*가정!$C$13) -> 1.289 | Q8: =1+F8*가정!$C$15 -> 1 | R8: =P8*Q8 -> 1.289 | S8: =O8*R8 -> 76.40458 | T8: =IF(F8=1,가정!$C$16,가정!$C$40) -> 31846 | U8: =S8*T8/10000 -> 243.31803 | V8: =U8/(1-가정!$C$41)*가정!$C$42 -> 256.12424 | W8: =가정!$C$33+N8+K8 -> 455.50249 | X8: =X7+J8-K8 -> 665.50249 | Y8: =W8+X8 -> 1121.005 | Z8: =O8*P8 -> 76.40458
A9: 6 | B9: 2027 | C9: 6 | D9: =가정!$E$6*MIN(1,MAX(0,(A9-가정!$C$28+1)/가정!$C$30)) -> 0.020833333 | E9: =IF(가정!$E$7<30000,1,0)*MIN(1,MAX(0,(A9-가정!$C$29+1)/가정!$C$30)) -> 0 | F9: =IF(가정!$E$7<30000,1,0)*IF(A9>=가정!$C$29,1,0) -> 0 | G9: =가정!$E$8*MIN(1,MAX(0,(A9-가정!$C$31+1)/가정!$C$32)) -> 0 | H9: =가정!$C$37+D9*가정!$C$14+E9*가정!$C$18 -> -0.0049583333 | I9: =I8*(1+H9) -> 19.505792 | J9: =I9*(1+G9*가정!$C$19) -> 19.505792 | K9: =I9*가정!$C$36*(1+G9*가정!$C$19*가정!$C$24) -> 9.7528959 | L9: =가정!$C$38+D9*가정!$C$12+E9*가정!$C$17 -> 0.11139583 | M9: =가정!$C$38+가정!$C$23*(L9-가정!$C$38) -> 0.11139583 | N9: =N8+K8 -> 49.502494 | O9: =K9+가정!$C$33*M9+N9*L9 -> 60.493976 | P9: =가정!$C$39*(1+D9*가정!$C$13) -> 1.2943708 | Q9: =1+F9*가정!$C$15 -> 1 | R9: =P9*Q9 -> 1.2943708 | S9: =O9*R9 -> 78.301638 | T9: =IF(F9=1,가정!$C$16,가정!$C$40) -> 31846 | U9: =S9*T9/10000 -> 249.3594 | V9: =U9/(1-가정!$C$41)*가정!$C$42 -> 262.48357 | W9: =가정!$C$33+N9+K9 -> 465.25539 | X9: =X8+J9-K9 -> 675.25539 | Y9: =W9+X9 -> 1140.5108 | Z9: =O9*P9 -> 78.301638
A10: 7 | B10: 2027 | C10: 7 | D10: =가정!$E$6*MIN(1,MAX(0,(A10-가정!$C$28+1)/가정!$C$30)) -> 0.041666667 | E10: =IF(가정!$E$7<30000,1,0)*MIN(1,MAX(0,(A10-가정!$C$29+1)/가정!$C$30)) -> 0.020833333 | F10: =IF(가정!$E$7<30000,1,0)*IF(A10>=가정!$C$29,1,0) -> 1 | G10: =가정!$E$8*MIN(1,MAX(0,(A10-가정!$C$31+1)/가정!$C$32)) -> 0 | H10: =가정!$C$37+D10*가정!$C$14+E10*가정!$C$18 -> -0.004875 | I10: =I9*(1+H10) -> 19.410701 | J10: =I10*(1+G10*가정!$C$19) -> 19.410701 | K10: =I10*가정!$C$36*(1+G10*가정!$C$19*가정!$C$24) -> 9.7053506 | L10: =가정!$C$38+D10*가정!$C$12+E10*가정!$C$17 -> 0.11220833 | M10: =가정!$C$38+가정!$C$23*(L10-가정!$C$38) -> 0.11220833 | N10: =N9+K9 -> 59.25539 | O10: =K10+가정!$C$33*M10+N10*L10 -> 61.910882 | P10: =가정!$C$39*(1+D10*가정!$C$13) -> 1.2997417 | Q10: =1+F10*가정!$C$15 -> 1.086 | R10: =P10*Q10 -> 1.4115194 | S10: =O10*R10 -> 87.388415 | T10: =IF(F10=1,가정!$C$16,가정!$C$40) -> 29800 | U10: =S10*T10/10000 -> 260.41748 | V10: =U10/(1-가정!$C$41)*가정!$C$42 -> 274.12366 | W10: =가정!$C$33+N10+K10 -> 474.96074 | X10: =X9+J10-K10 -> 684.96074 | Y10: =W10+X10 -> 1159.9215 | Z10: =O10*P10 -> 80.468153
A11: 8 | B11: 2027 | C11: 8 | D11: =가정!$E$6*MIN(1,MAX(0,(A11-가정!$C$28+1)/가정!$C$30)) -> 0.0625 | E11: =IF(가정!$E$7<30000,1,0)*MIN(1,MAX(0,(A11-가정!$C$29+1)/가정!$C$30)) -> 0.041666667 | F11: =IF(가정!$E$7<30000,1,0)*IF(A11>=가정!$C$29,1,0) -> 1 | G11: =가정!$E$8*MIN(1,MAX(0,(A11-가정!$C$31+1)/가정!$C$32)) -> 0 | H11: =가정!$C$37+D11*가정!$C$14+E11*가정!$C$18 -> -0.0047916667 | I11: =I10*(1+H11) -> 19.317692 | J11: =I11*(1+G11*가정!$C$19) -> 19.317692 | K11: =I11*가정!$C$36*(1+G11*가정!$C$19*가정!$C$24) -> 9.6588458 | L11: =가정!$C$38+D11*가정!$C$12+E11*가정!$C$17 -> 0.11302083 | M11: =가정!$C$38+가정!$C$23*(L11-가정!$C$38) -> 0.11302083 | N11: =N10+K10 -> 68.96074 | O11: =K11+가정!$C$33*M11+N11*L11 -> 63.339304 | P11: =가정!$C$39*(1+D11*가정!$C$13) -> 1.3051125 | Q11: =1+F11*가정!$C$15 -> 1.086 | R11: =P11*Q11 -> 1.4173522 | S11: =O11*R11 -> 89.774101 | T11: =IF(F11=1,가정!$C$16,가정!$C$40) -> 29800 | U11: =S11*T11/10000 -> 267.52682 | V11: =U11/(1-가정!$C$41)*가정!$C$42 -> 281.60718 | W11: =가정!$C$33+N11+K11 -> 484.61959 | X11: =X10+J11-K11 -> 694.61959 | Y11: =W11+X11 -> 1179.2392 | Z11: =O11*P11 -> 82.664918
A12: 9 | B12: 2027 | C12: 9 | D12: =가정!$E$6*MIN(1,MAX(0,(A12-가정!$C$28+1)/가정!$C$30)) -> 0.083333333 | E12: =IF(가정!$E$7<30000,1,0)*MIN(1,MAX(0,(A12-가정!$C$29+1)/가정!$C$30)) -> 0.0625 | F12: =IF(가정!$E$7<30000,1,0)*IF(A12>=가정!$C$29,1,0) -> 1 | G12: =가정!$E$8*MIN(1,MAX(0,(A12-가정!$C$31+1)/가정!$C$32)) -> 0 | H12: =가정!$C$37+D12*가정!$C$14+E12*가정!$C$18 -> -0.0047083333 | I12: =I11*(1+H12) -> 19.226737 | J12: =I12*(1+G12*가정!$C$19) -> 19.226737 | K12: =I12*가정!$C$36*(1+G12*가정!$C$19*가정!$C$24) -> 9.6133687 | L12: =가정!$C$38+D12*가정!$C$12+E12*가정!$C$17 -> 0.11383333 | M12: =가정!$C$38+가정!$C$23*(L12-가정!$C$38) -> 0.11383333 | N12: =N11+K11 -> 78.619586 | O12: =K12+가정!$C$33*M12+N12*L12 -> 64.779232 | P12: =가정!$C$39*(1+D12*가정!$C$13) -> 1.3104833 | Q12: =1+F12*가정!$C$15 -> 1.086 | R12: =P12*Q12 -> 1.4231849 | S12: =O12*R12 -> 92.192824 | T12: =IF(F12=1,가정!$C$16,가정!$C$40) -> 29800 | U12: =S12*T12/10000 -> 274.73462 | V12: =U12/(1-가정!$C$41)*가정!$C$42 -> 289.19433 | W12: =가정!$C$33+N12+K12 -> 494.23295 | X12: =X11+J12-K12 -> 704.23295 | Y12: =W12+X12 -> 1198.4659 | Z12: =O12*P12 -> 84.892103
A13: 10 | B13: 2027 | C13: 10 | D13: =가정!$E$6*MIN(1,MAX(0,(A13-가정!$C$28+1)/가정!$C$30)) -> 0.10416667 | E13: =IF(가정!$E$7<30000,1,0)*MIN(1,MAX(0,(A13-가정!$C$29+1)/가정!$C$30)) -> 0.083333333 | F13: =IF(가정!$E$7<30000,1,0)*IF(A13>=가정!$C$29,1,0) -> 1 | G13: =가정!$E$8*MIN(1,MAX(0,(A13-가정!$C$31+1)/가정!$C$32)) -> 0 | H13: =가정!$C$37+D13*가정!$C$14+E13*가정!$C$18 -> -0.004625 | I13: =I12*(1+H13) -> 19.137814 | J13: =I13*(1+G13*가정!$C$19) -> 19.137814 | K13: =I13*가정!$C$36*(1+G13*가정!$C$19*가정!$C$24) -> 9.5689069 | L13: =가정!$C$38+D13*가정!$C$12+E13*가정!$C$17 -> 0.11464583 | M13: =가정!$C$38+가정!$C$23*(L13-가정!$C$38) -> 0.11464583 | N13: =N12+K12 -> 88.232955 | O13: =K13+가정!$C$33*M13+N13*L13 -> 66.230656 | P13: =가정!$C$39*(1+D13*가정!$C$13) -> 1.3158542 | Q13: =1+F13*가정!$C$15 -> 1.086 | R13: =P13*Q13 -> 1.4290176 | S13: =O13*R13 -> 94.644774 | T13: =IF(F13=1,가정!$C$16,가정!$C$40) -> 29800 | U13: =S13*T13/10000 -> 282.04143 | V13: =U13/(1-가정!$C$41)*가정!$C$42 -> 296.88571 | W13: =가정!$C$33+N13+K13 -> 503.80186 | X13: =X12+J13-K13 -> 713.80186 | Y13: =W13+X13 -> 1217.6037 | Z13: =O13*P13 -> 87.149884
A14: 11 | B14: 2027 | C14: 11 | D14: =가정!$E$6*MIN(1,MAX(0,(A14-가정!$C$28+1)/가정!$C$30)) -> 0.125 | E14: =IF(가정!$E$7<30000,1,0)*MIN(1,MAX(0,(A14-가정!$C$29+1)/가정!$C$30)) -> 0.10416667 | F14: =IF(가정!$E$7<30000,1,0)*IF(A14>=가정!$C$29,1,0) -> 1 | G14: =가정!$E$8*MIN(1,MAX(0,(A14-가정!$C$31+1)/가정!$C$32)) -> 0 | H14: =가정!$C$37+D14*가정!$C$14+E14*가정!$C$18 -> -0.0045416667 | I14: =I13*(1+H14) -> 19.050896 | J14: =I14*(1+G14*가정!$C$19) -> 19.050896 | K14: =I14*가정!$C$36*(1+G14*가정!$C$19*가정!$C$24) -> 9.5254481 | L14: =가정!$C$38+D14*가정!$C$12+E14*가정!$C$17 -> 0.11545833 | M14: =가정!$C$38+가정!$C$23*(L14-가정!$C$38) -> 0.11545833 | N14: =N13+K13 -> 97.801862 | O14: =K14+가정!$C$33*M14+N14*L14 -> 67.693571 | P14: =가정!$C$39*(1+D14*가정!$C$13) -> 1.321225 | Q14: =1+F14*가정!$C$15 -> 1.086 | R14: =P14*Q14 -> 1.4348504 | S14: =O14*R14 -> 97.130145 | T14: =IF(F14=1,가정!$C$16,가정!$C$40) -> 29800 | U14: =S14*T14/10000 -> 289.44783 | V14: =U14/(1-가정!$C$41)*가정!$C$42 -> 304.68193 | W14: =가정!$C$33+N14+K14 -> 513.32731 | X14: =X13+J14-K14 -> 723.32731 | Y14: =W14+X14 -> 1236.6546 | Z14: =O14*P14 -> 89.438439
A15: 12 | B15: 2027 | C15: 12 | D15: =가정!$E$6*MIN(1,MAX(0,(A15-가정!$C$28+1)/가정!$C$30)) -> 0.14583333 | E15: =IF(가정!$E$7<30000,1,0)*MIN(1,MAX(0,(A15-가정!$C$29+1)/가정!$C$30)) -> 0.125 | F15: =IF(가정!$E$7<30000,1,0)*IF(A15>=가정!$C$29,1,0) -> 1 | G15: =가정!$E$8*MIN(1,MAX(0,(A15-가정!$C$31+1)/가정!$C$32)) -> 0 | H15: =가정!$C$37+D15*가정!$C$14+E15*가정!$C$18 -> -0.0044583333 | I15: =I14*(1+H15) -> 18.965961 | J15: =I15*(1+G15*가정!$C$19) -> 18.965961 | K15: =I15*가정!$C$36*(1+G15*가정!$C$19*가정!$C$24) -> 9.4829805 | L15: =가정!$C$38+D15*가정!$C$12+E15*가정!$C$17 -> 0.11627083 | M15: =가정!$C$38+가정!$C$23*(L15-가정!$C$38) -> 0.11627083 | N15: =N14+K14 -> 107.32731 | O15: =K15+가정!$C$33*M15+N15*L15 -> 69.167975 | P15: =가정!$C$39*(1+D15*가정!$C$13) -> 1.3265958 | Q15: =1+F15*가정!$C$15 -> 1.086 | R15: =P15*Q15 -> 1.4406831 | S15: =O15*R15 -> 99.64913 | T15: =IF(F15=1,가정!$C$16,가정!$C$40) -> 29800 | U15: =S15*T15/10000 -> 296.95441 | V15: =U15/(1-가정!$C$41)*가정!$C$42 -> 312.58359 | W15: =가정!$C$33+N15+K15 -> 522.81029 | X15: =X14+J15-K15 -> 732.81029 | Y15: =W15+X15 -> 1255.6206 | Z15: =O15*P15 -> 91.757947
A16: 13 | B16: 2028 | C16: 1 | D16: =가정!$E$6*MIN(1,MAX(0,(A16-가정!$C$28+1)/가정!$C$30)) -> 0.16666667 | E16: =IF(가정!$E$7<30000,1,0)*MIN(1,MAX(0,(A16-가정!$C$29+1)/가정!$C$30)) -> 0.14583333 | F16: =IF(가정!$E$7<30000,1,0)*IF(A16>=가정!$C$29,1,0) -> 1 | G16: =가정!$E$8*MIN(1,MAX(0,(A16-가정!$C$31+1)/가정!$C$32)) -> 0 | H16: =가정!$C$37+D16*가정!$C$14+E16*가정!$C$18 -> -0.004375 | I16: =I15*(1+H16) -> 18.882985 | J16: =I16*(1+G16*가정!$C$19) -> 18.882985 | K16: =I16*가정!$C$36*(1+G16*가정!$C$19*가정!$C$24) -> 9.4414924 | L16: =가정!$C$38+D16*가정!$C$12+E16*가정!$C$17 -> 0.11708333 | M16: =가정!$C$38+가정!$C$23*(L16-가정!$C$38) -> 0.11708333 | N16: =N15+K15 -> 116.81029 | O16: =K16+가정!$C$33*M16+N16*L16 -> 70.653864 | P16: =가정!$C$39*(1+D16*가정!$C$13) -> 1.3319667 | Q16: =1+F16*가정!$C$15 -> 1.086 | R16: =P16*Q16 -> 1.4465158 | S16: =O16*R16 -> 102.20193 | T16: =IF(F16=1,가정!$C$16,가정!$C$40) -> 29800 | U16: =S16*T16/10000 -> 304.56175 | V16: =U16/(1-가정!$C$41)*가정!$C$42 -> 320.59132 | W16: =가정!$C$33+N16+K16 -> 532.25178 | X16: =X15+J16-K16 -> 742.25178 | Y16: =W16+X16 -> 1274.5036 | Z16: =O16*P16 -> 94.108592
... A63: 60 | B63: 2031 | C63: 12 | D63: =가정!$E$6*MIN(1,MAX(0,(A63-가정!$C$28+1)/가정!$C$30)) -> 1 | E63: =IF(가정!$E$7<30000,1,0)*MIN(1,MAX(0,(A63-가정!$C$29+1)/가정!$C$30)) -> 1 | F63: =IF(가정!$E$7<30000,1,0)*IF(A63>=가정!$C$29,1,0) -> 1 | G63: =가정!$E$8*MIN(1,MAX(0,(A63-가정!$C$31+1)/가정!$C$32)) -> 0 | H63: =가정!$C$37+D63*가정!$C$14+E63*가정!$C$18 -> -0.001 | I63: =I62*(1+H63) -> 16.851337 | J63: =I63*(1+G63*가정!$C$19) -> 16.851337 | K63: =I63*가정!$C$36*(1+G63*가정!$C$19*가정!$C$24) -> 8.4256684 | L63: =가정!$C$38+D63*가정!$C$12+E63*가정!$C$17 -> 0.15 | M63: =가정!$C$38+가정!$C$23*(L63-가정!$C$38) -> 0.15 | N63: =N62+K62 -> 530.73135 | O63: =K63+가정!$C$33*M63+N63*L63 -> 148.93537 | P63: =가정!$C$39*(1+D63*가정!$C$13) -> 1.5468 | Q63: =1+F63*가정!$C$15 -> 1.086 | R63: =P63*Q63 -> 1.6798248 | S63: =O63*R63 -> 250.18533 | T63: =IF(F63=1,가정!$C$16,가정!$C$40) -> 29800 | U63: =S63*T63/10000 -> 745.55229 | V63: =U63/(1-가정!$C$41)*가정!$C$42 -> 784.79188 | W63: =가정!$C$33+N63+K63 -> 945.15702 | X63: =X62+J63-K63 -> 1155.157 | Y63: =W63+X63 -> 2100.314 | Z63: =O63*P63 -> 230.37323

Sheet S4_익일무배회원
A1: S4 익일 + 무배 + 회원 확대
A2: 레버 값은 가정 시트 A에서, 나머지는 B~D에서 가져옵니다. 이 시트는 수정하지 마십시오.
A3: 월차 | B3: 연도 | C3: 월 | D3: 익일 진행도 | E3: 무배 진행도 | F3: 무배 적용 | G3: 회원확대 진행도 | H3: 가입 증감률 | I3: 기본 가입 추세 (만명) | J3: 월 가입 (만명) | K3: 신규 구매고객 (만명) | L3: 잔존율 신규 코호트 | M3: 잔존율 기존 고객 | N3: 2027~ 누적 (월초, 만명) | O3: 활동 구매고객 (만명) | P3: 익일 효과 빈도 | Q3: 즉시 주문 배수 | R3: 구매빈도 (건/월) | S3: 구매건수 (만건) | T3: 객단가 (원) | U3: 택배매출 (억원) | V3: 총매출 (억원) | W3: 누적 구매고객 (만명) | X3: 미전환 회원 (만명) | Y3: 회원수 (만명) | Z3: 활동×익일빈도 (보조)
A4: 1 | B4: 2027 | C4: 1 | D4: =가정!$F$6*MIN(1,MAX(0,(A4-가정!$C$28+1)/가정!$C$30)) -> 0 | E4: =IF(가정!$F$7<30000,1,0)*MIN(1,MAX(0,(A4-가정!$C$29+1)/가정!$C$30)) -> 0 | F4: =IF(가정!$F$7<30000,1,0)*IF(A4>=가정!$C$29,1,0) -> 0 | G4: =가정!$F$8*MIN(1,MAX(0,(A4-가정!$C$31+1)/가정!$C$32)) -> 0 | H4: =가정!$C$37+D4*가정!$C$14+E4*가정!$C$18 -> -0.005 | I4: =가정!$C$35 -> 20 | J4: =I4*(1+G4*가정!$C$19) -> 20 | K4: =I4*가정!$C$36*(1+G4*가정!$C$19*가정!$C$24) -> 10 | L4: =가정!$C$38+D4*가정!$C$12+E4*가정!$C$17 -> 0.111 | M4: =가정!$C$38+가정!$C$23*(L4-가정!$C$38) -> 0.111 | N4: =0 -> 0 | O4: =K4+가정!$C$33*M4+N4*L4 -> 55.066 | P4: =가정!$C$39*(1+D4*가정!$C$13) -> 1.289 | Q4: =1+F4*가정!$C$15 -> 1 | R4: =P4*Q4 -> 1.289 | S4: =O4*R4 -> 70.980074 | T4: =IF(F4=1,가정!$C$16,가정!$C$40) -> 31846 | U4: =S4*T4/10000 -> 226.04314 | V4: =U4/(1-가정!$C$41)*가정!$C$42 -> 237.94015 | W4: =가정!$C$33+N4+K4 -> 416 | X4: =(가정!$C$34-가정!$C$33)+J4-K4 -> 626 | Y4: =W4+X4 -> 1042 | Z4: =O4*P4 -> 70.980074
A5: 2 | B5: 2027 | C5: 2 | D5: =가정!$F$6*MIN(1,MAX(0,(A5-가정!$C$28+1)/가정!$C$30)) -> 0 | E5: =IF(가정!$F$7<30000,1,0)*MIN(1,MAX(0,(A5-가정!$C$29+1)/가정!$C$30)) -> 0 | F5: =IF(가정!$F$7<30000,1,0)*IF(A5>=가정!$C$29,1,0) -> 0 | G5: =가정!$F$8*MIN(1,MAX(0,(A5-가정!$C$31+1)/가정!$C$32)) -> 0 | H5: =가정!$C$37+D5*가정!$C$14+E5*가정!$C$18 -> -0.005 | I5: =I4*(1+H5) -> 19.9 | J5: =I5*(1+G5*가정!$C$19) -> 19.9 | K5: =I5*가정!$C$36*(1+G5*가정!$C$19*가정!$C$24) -> 9.95 | L5: =가정!$C$38+D5*가정!$C$12+E5*가정!$C$17 -> 0.111 | M5: =가정!$C$38+가정!$C$23*(L5-가정!$C$38) -> 0.111 | N5: =N4+K4 -> 10 | O5: =K5+가정!$C$33*M5+N5*L5 -> 56.126 | P5: =가정!$C$39*(1+D5*가정!$C$13) -> 1.289 | Q5: =1+F5*가정!$C$15 -> 1 | R5: =P5*Q5 -> 1.289 | S5: =O5*R5 -> 72.346414 | T5: =IF(F5=1,가정!$C$16,가정!$C$40) -> 31846 | U5: =S5*T5/10000 -> 230.39439 | V5: =U5/(1-가정!$C$41)*가정!$C$42 -> 242.52041 | W5: =가정!$C$33+N5+K5 -> 425.95 | X5: =X4+J5-K5 -> 635.95 | Y5: =W5+X5 -> 1061.9 | Z5: =O5*P5 -> 72.346414
A6: 3 | B6: 2027 | C6: 3 | D6: =가정!$F$6*MIN(1,MAX(0,(A6-가정!$C$28+1)/가정!$C$30)) -> 0 | E6: =IF(가정!$F$7<30000,1,0)*MIN(1,MAX(0,(A6-가정!$C$29+1)/가정!$C$30)) -> 0 | F6: =IF(가정!$F$7<30000,1,0)*IF(A6>=가정!$C$29,1,0) -> 0 | G6: =가정!$F$8*MIN(1,MAX(0,(A6-가정!$C$31+1)/가정!$C$32)) -> 0 | H6: =가정!$C$37+D6*가정!$C$14+E6*가정!$C$18 -> -0.005 | I6: =I5*(1+H6) -> 19.8005 | J6: =I6*(1+G6*가정!$C$19) -> 19.8005 | K6: =I6*가정!$C$36*(1+G6*가정!$C$19*가정!$C$24) -> 9.90025 | L6: =가정!$C$38+D6*가정!$C$12+E6*가정!$C$17 -> 0.111 | M6: =가정!$C$38+가정!$C$23*(L6-가정!$C$38) -> 0.111 | N6: =N5+K5 -> 19.95 | O6: =K6+가정!$C$33*M6+N6*L6 -> 57.1807 | P6: =가정!$C$39*(1+D6*가정!$C$13) -> 1.289 | Q6: =1+F6*가정!$C$15 -> 1 | R6: =P6*Q6 -> 1.289 | S6: =O6*R6 -> 73.705922 | T6: =IF(F6=1,가정!$C$16,가정!$C$40) -> 31846 | U6: =S6*T6/10000 -> 234.72388 | V6: =U6/(1-가정!$C$41)*가정!$C$42 -> 247.07777 | W6: =가정!$C$33+N6+K6 -> 435.85025 | X6: =X5+J6-K6 -> 645.85025 | Y6: =W6+X6 -> 1081.7005 | Z6: =O6*P6 -> 73.705922
A7: 4 | B7: 2027 | C7: 4 | D7: =가정!$F$6*MIN(1,MAX(0,(A7-가정!$C$28+1)/가정!$C$30)) -> 0 | E7: =IF(가정!$F$7<30000,1,0)*MIN(1,MAX(0,(A7-가정!$C$29+1)/가정!$C$30)) -> 0 | F7: =IF(가정!$F$7<30000,1,0)*IF(A7>=가정!$C$29,1,0) -> 0 | G7: =가정!$F$8*MIN(1,MAX(0,(A7-가정!$C$31+1)/가정!$C$32)) -> 0 | H7: =가정!$C$37+D7*가정!$C$14+E7*가정!$C$18 -> -0.005 | I7: =I6*(1+H7) -> 19.701497 | J7: =I7*(1+G7*가정!$C$19) -> 19.701497 | K7: =I7*가정!$C$36*(1+G7*가정!$C$19*가정!$C$24) -> 9.8507487 | L7: =가정!$C$38+D7*가정!$C$12+E7*가정!$C$17 -> 0.111 | M7: =가정!$C$38+가정!$C$23*(L7-가정!$C$38) -> 0.111 | N7: =N6+K6 -> 29.85025 | O7: =K7+가정!$C$33*M7+N7*L7 -> 58.230127 | P7: =가정!$C$39*(1+D7*가정!$C$13) -> 1.289 | Q7: =1+F7*가정!$C$15 -> 1 | R7: =P7*Q7 -> 1.289 | S7: =O7*R7 -> 75.058633 | T7: =IF(F7=1,가정!$C$16,가정!$C$40) -> 31846 | U7: =S7*T7/10000 -> 239.03172 | V7: =U7/(1-가정!$C$41)*가정!$C$42 -> 251.61234 | W7: =가정!$C$33+N7+K7 -> 445.701 | X7: =X6+J7-K7 -> 655.701 | Y7: =W7+X7 -> 1101.402 | Z7: =O7*P7 -> 75.058633
A8: 5 | B8: 2027 | C8: 5 | D8: =가정!$F$6*MIN(1,MAX(0,(A8-가정!$C$28+1)/가정!$C$30)) -> 0 | E8: =IF(가정!$F$7<30000,1,0)*MIN(1,MAX(0,(A8-가정!$C$29+1)/가정!$C$30)) -> 0 | F8: =IF(가정!$F$7<30000,1,0)*IF(A8>=가정!$C$29,1,0) -> 0 | G8: =가정!$F$8*MIN(1,MAX(0,(A8-가정!$C$31+1)/가정!$C$32)) -> 0.083333333 | H8: =가정!$C$37+D8*가정!$C$14+E8*가정!$C$18 -> -0.005 | I8: =I7*(1+H8) -> 19.60299 | J8: =I8*(1+G8*가정!$C$19) -> 20.060393 | K8: =I8*가정!$C$36*(1+G8*가정!$C$19*가정!$C$24) -> 10.030197 | L8: =가정!$C$38+D8*가정!$C$12+E8*가정!$C$17 -> 0.111 | M8: =가정!$C$38+가정!$C$23*(L8-가정!$C$38) -> 0.111 | N8: =N7+K7 -> 39.700999 | O8: =K8+가정!$C$33*M8+N8*L8 -> 59.503007 | P8: =가정!$C$39*(1+D8*가정!$C$13) -> 1.289 | Q8: =1+F8*가정!$C$15 -> 1 | R8: =P8*Q8 -> 1.289 | S8: =O8*R8 -> 76.699377 | T8: =IF(F8=1,가정!$C$16,가정!$C$40) -> 31846 | U8: =S8*T8/10000 -> 244.25683 | V8: =U8/(1-가정!$C$41)*가정!$C$42 -> 257.11246 | W8: =가정!$C$33+N8+K8 -> 455.7312 | X8: =X7+J8-K8 -> 665.7312 | Y8: =W8+X8 -> 1121.4624 | Z8: =O8*P8 -> 76.699377
A9: 6 | B9: 2027 | C9: 6 | D9: =가정!$F$6*MIN(1,MAX(0,(A9-가정!$C$28+1)/가정!$C$30)) -> 0.020833333 | E9: =IF(가정!$F$7<30000,1,0)*MIN(1,MAX(0,(A9-가정!$C$29+1)/가정!$C$30)) -> 0 | F9: =IF(가정!$F$7<30000,1,0)*IF(A9>=가정!$C$29,1,0) -> 0 | G9: =가정!$F$8*MIN(1,MAX(0,(A9-가정!$C$31+1)/가정!$C$32)) -> 0.16666667 | H9: =가정!$C$37+D9*가정!$C$14+E9*가정!$C$18 -> -0.0049583333 | I9: =I8*(1+H9) -> 19.505792 | J9: =I9*(1+G9*가정!$C$19) -> 20.416062 | K9: =I9*가정!$C$36*(1+G9*가정!$C$19*가정!$C$24) -> 10.208031 | L9: =가정!$C$38+D9*가정!$C$12+E9*가정!$C$17 -> 0.11139583 | M9: =가정!$C$38+가정!$C$23*(L9-가정!$C$38) -> 0.11139583 | N9: =N8+K8 -> 49.731195 | O9: =K9+가정!$C$33*M9+N9*L9 -> 60.974587 | P9: =가정!$C$39*(1+D9*가정!$C$13) -> 1.2943708 | Q9: =1+F9*가정!$C$15 -> 1 | R9: =P9*Q9 -> 1.2943708 | S9: =O9*R9 -> 78.923727 | T9: =IF(F9=1,가정!$C$16,가정!$C$40) -> 31846 | U9: =S9*T9/10000 -> 251.3405 | V9: =U9/(1-가정!$C$41)*가정!$C$42 -> 264.56895 | W9: =가정!$C$33+N9+K9 -> 465.93923 | X9: =X8+J9-K9 -> 675.93923 | Y9: =W9+X9 -> 1141.8785 | Z9: =O9*P9 -> 78.923727
A10: 7 | B10: 2027 | C10: 7 | D10: =가정!$F$6*MIN(1,MAX(0,(A10-가정!$C$28+1)/가정!$C$30)) -> 0.041666667 | E10: =IF(가정!$F$7<30000,1,0)*MIN(1,MAX(0,(A10-가정!$C$29+1)/가정!$C$30)) -> 0.020833333 | F10: =IF(가정!$F$7<30000,1,0)*IF(A10>=가정!$C$29,1,0) -> 1 | G10: =가정!$F$8*MIN(1,MAX(0,(A10-가정!$C$31+1)/가정!$C$32)) -> 0.25 | H10: =가정!$C$37+D10*가정!$C$14+E10*가정!$C$18 -> -0.004875 | I10: =I9*(1+H10) -> 19.410701 | J10: =I10*(1+G10*가정!$C$19) -> 20.76945 | K10: =I10*가정!$C$36*(1+G10*가정!$C$19*가정!$C$24) -> 10.384725 | L10: =가정!$C$38+D10*가정!$C$12+E10*가정!$C$17 -> 0.11220833 | M10: =가정!$C$38+가정!$C$23*(L10-가정!$C$38) -> 0.11220833 | N10: =N9+K9 -> 59.939226 | O10: =K10+가정!$C$33*M10+N10*L10 -> 62.666989 | P10: =가정!$C$39*(1+D10*가정!$C$13) -> 1.2997417 | Q10: =1+F10*가정!$C$15 -> 1.086 | R10: =P10*Q10 -> 1.4115194 | S10: =O10*R10 -> 88.455674 | T10: =IF(F10=1,가정!$C$16,가정!$C$40) -> 29800 | U10: =S10*T10/10000 -> 263.59791 | V10: =U10/(1-가정!$C$41)*가정!$C$42 -> 277.47148 | W10: =가정!$C$33+N10+K10 -> 476.32395 | X10: =X9+J10-K10 -> 686.32395 | Y10: =W10+X10 -> 1162.6479 | Z10: =O10*P10 -> 81.450897
A11: 8 | B11: 2027 | C11: 8 | D11: =가정!$F$6*MIN(1,MAX(0,(A11-가정!$C$28+1)/가정!$C$30)) -> 0.0625 | E11: =IF(가정!$F$7<30000,1,0)*MIN(1,MAX(0,(A11-가정!$C$29+1)/가정!$C$30)) -> 0.041666667 | F11: =IF(가정!$F$7<30000,1,0)*IF(A11>=가정!$C$29,1,0) -> 1 | G11: =가정!$F$8*MIN(1,MAX(0,(A11-가정!$C$31+1)/가정!$C$32)) -> 0.33333333 | H11: =가정!$C$37+D11*가정!$C$14+E11*가정!$C$18 -> -0.0047916667 | I11: =I10*(1+H11) -> 19.317692 | J11: =I11*(1+G11*가정!$C$19) -> 21.120676 | K11: =I11*가정!$C$36*(1+G11*가정!$C$19*가정!$C$24) -> 10.560338 | L11: =가정!$C$38+D11*가정!$C$12+E11*가정!$C$17 -> 0.11302083 | M11: =가정!$C$38+가정!$C$23*(L11-가정!$C$38) -> 0.11302083 | N11: =N10+K10 -> 70.323951 | O11: =K11+가정!$C$33*M11+N11*L11 -> 64.394868 | P11: =가정!$C$39*(1+D11*가정!$C$13) -> 1.3051125 | Q11: =1+F11*가정!$C$15 -> 1.086 | R11: =P11*Q11 -> 1.4173522 | S11: =O11*R11 -> 91.270206 | T11: =IF(F11=1,가정!$C$16,가정!$C$40) -> 29800 | U11: =S11*T11/10000 -> 271.98521 | V11: =U11/(1-가정!$C$41)*가정!$C$42 -> 286.30023 | W11: =가정!$C$33+N11+K11 -> 486.88429 | X11: =X10+J11-K11 -> 696.88429 | Y11: =W11+X11 -> 1183.7686 | Z11: =O11*P11 -> 84.042547
A12: 9 | B12: 2027 | C12: 9 | D12: =가정!$F$6*MIN(1,MAX(0,(A12-가정!$C$28+1)/가정!$C$30)) -> 0.083333333 | E12: =IF(가정!$F$7<30000,1,0)*MIN(1,MAX(0,(A12-가정!$C$29+1)/가정!$C$30)) -> 0.0625 | F12: =IF(가정!$F$7<30000,1,0)*IF(A12>=가정!$C$29,1,0) -> 1 | G12: =가정!$F$8*MIN(1,MAX(0,(A12-가정!$C$31+1)/가정!$C$32)) -> 0.41666667 | H12: =가정!$C$37+D12*가정!$C$14+E12*가정!$C$18 -> -0.0047083333 | I12: =I11*(1+H12) -> 19.226737 | J12: =I12*(1+G12*가정!$C$19) -> 21.469857 | K12: =I12*가정!$C$36*(1+G12*가정!$C$19*가정!$C$24) -> 10.734928 | L12: =가정!$C$38+D12*가정!$C$12+E12*가정!$C$17 -> 0.11383333 | M12: =가정!$C$38+가정!$C$23*(L12-가정!$C$38) -> 0.11383333 | N12: =N11+K11 -> 80.884289 | O12: =K12+가정!$C$33*M12+N12*L12 -> 66.15859 | P12: =가정!$C$39*(1+D12*가정!$C$13) -> 1.3104833 | Q12: =1+F12*가정!$C$15 -> 1.086 | R12: =P12*Q12 -> 1.4231849 | S12: =O12*R12 -> 94.155906 | T12: =IF(F12=1,가정!$C$16,가정!$C$40) -> 29800 | U12: =S12*T12/10000 -> 280.5846 | V12: =U12/(1-가정!$C$41)*가정!$C$42 -> 295.35221 | W12: =가정!$C$33+N12+K12 -> 497.61922 | X12: =X11+J12-K12 -> 707.61922 | Y12: =W12+X12 -> 1205.2384 | Z12: =O12*P12 -> 86.69973
A13: 10 | B13: 2027 | C13: 10 | D13: =가정!$F$6*MIN(1,MAX(0,(A13-가정!$C$28+1)/가정!$C$30)) -> 0.10416667 | E13: =IF(가정!$F$7<30000,1,0)*MIN(1,MAX(0,(A13-가정!$C$29+1)/가정!$C$30)) -> 0.083333333 | F13: =IF(가정!$F$7<30000,1,0)*IF(A13>=가정!$C$29,1,0) -> 1 | G13: =가정!$F$8*MIN(1,MAX(0,(A13-가정!$C$31+1)/가정!$C$32)) -> 0.5 | H13: =가정!$C$37+D13*가정!$C$14+E13*가정!$C$18 -> -0.004625 | I13: =I12*(1+H13) -> 19.137814 | J13: =I13*(1+G13*가정!$C$19) -> 21.817108 | K13: =I13*가정!$C$36*(1+G13*가정!$C$19*가정!$C$24) -> 10.908554 | L13: =가정!$C$38+D13*가정!$C$12+E13*가정!$C$17 -> 0.11464583 | M13: =가정!$C$38+가정!$C$23*(L13-가정!$C$38) -> 0.11464583 | N13: =N12+K12 -> 91.619218 | O13: =K13+가정!$C$33*M13+N13*L13 -> 67.958524 | P13: =가정!$C$39*(1+D13*가정!$C$13) -> 1.3158542 | Q13: =1+F13*가정!$C$15 -> 1.086 | R13: =P13*Q13 -> 1.4290176 | S13: =O13*R13 -> 97.113928 | T13: =IF(F13=1,가정!$C$16,가정!$C$40) -> 29800 | U13: =S13*T13/10000 -> 289.39951 | V13: =U13/(1-가정!$C$41)*가정!$C$42 -> 304.63106 | W13: =가정!$C$33+N13+K13 -> 508.52777 | X13: =X12+J13-K13 -> 718.52777 | Y13: =W13+X13 -> 1227.0555 | Z13: =O13*P13 -> 89.423507
A14: 11 | B14: 2027 | C14: 11 | D14: =가정!$F$6*MIN(1,MAX(0,(A14-가정!$C$28+1)/가정!$C$30)) -> 0.125 | E14: =IF(가정!$F$7<30000,1,0)*MIN(1,MAX(0,(A14-가정!$C$29+1)/가정!$C$30)) -> 0.10416667 | F14: =IF(가정!$F$7<30000,1,0)*IF(A14>=가정!$C$29,1,0) -> 1 | G14: =가정!$F$8*MIN(1,MAX(0,(A14-가정!$C$31+1)/가정!$C$32)) -> 0.58333333 | H14: =가정!$C$37+D14*가정!$C$14+E14*가정!$C$18 -> -0.0045416667 | I14: =I13*(1+H14) -> 19.050896 | J14: =I14*(1+G14*가정!$C$19) -> 22.162543 | K14: =I14*가정!$C$36*(1+G14*가정!$C$19*가정!$C$24) -> 11.081271 | L14: =가정!$C$38+D14*가정!$C$12+E14*가정!$C$17 -> 0.11545833 | M14: =가정!$C$38+가정!$C$23*(L14-가정!$C$38) -> 0.11545833 | N14: =N13+K13 -> 102.52777 | O14: =K14+가정!$C$33*M14+N14*L14 -> 69.79504 | P14: =가정!$C$39*(1+D14*가정!$C$13) -> 1.321225 | Q14: =1+F14*가정!$C$15 -> 1.086 | R14: =P14*Q14 -> 1.4348504 | S14: =O14*R14 -> 100.14544 | T14: =IF(F14=1,가정!$C$16,가정!$C$40) -> 29800 | U14: =S14*T14/10000 -> 298.4334 | V14: =U14/(1-가정!$C$41)*가정!$C$42 -> 314.14043 | W14: =가정!$C$33+N14+K14 -> 519.60904 | X14: =X13+J14-K14 -> 729.60904 | Y14: =W14+X14 -> 1249.2181 | Z14: =O14*P14 -> 92.214952
A15: 12 | B15: 2027 | C15: 12 | D15: =가정!$F$6*MIN(1,MAX(0,(A15-가정!$C$28+1)/가정!$C$30)) -> 0.14583333 | E15: =IF(가정!$F$7<30000,1,0)*MIN(1,MAX(0,(A15-가정!$C$29+1)/가정!$C$30)) -> 0.125 | F15: =IF(가정!$F$7<30000,1,0)*IF(A15>=가정!$C$29,1,0) -> 1 | G15: =가정!$F$8*MIN(1,MAX(0,(A15-가정!$C$31+1)/가정!$C$32)) -> 0.66666667 | H15: =가정!$C$37+D15*가정!$C$14+E15*가정!$C$18 -> -0.0044583333 | I15: =I14*(1+H15) -> 18.965961 | J15: =I15*(1+G15*가정!$C$19) -> 22.506274 | K15: =I15*가정!$C$36*(1+G15*가정!$C$19*가정!$C$24) -> 11.253137 | L15: =가정!$C$38+D15*가정!$C$12+E15*가정!$C$17 -> 0.11627083 | M15: =가정!$C$38+가정!$C$23*(L15-가정!$C$38) -> 0.11627083 | N15: =N14+K14 -> 113.60904 | O15: =K15+가정!$C$33*M15+N15*L15 -> 71.668513 | P15: =가정!$C$39*(1+D15*가정!$C$13) -> 1.3265958 | Q15: =1+F15*가정!$C$15 -> 1.086 | R15: =P15*Q15 -> 1.4406831 | S15: =O15*R15 -> 103.25161 | T15: =IF(F15=1,가정!$C$16,가정!$C$40) -> 29800 | U15: =S15*T15/10000 -> 307.68981 | V15: =U15/(1-가정!$C$41)*가정!$C$42 -> 323.88401 | W15: =가정!$C$33+N15+K15 -> 530.86218 | X15: =X14+J15-K15 -> 740.86218 | Y15: =W15+X15 -> 1271.7244 | Z15: =O15*P15 -> 95.075151
A16: 13 | B16: 2028 | C16: 1 | D16: =가정!$F$6*MIN(1,MAX(0,(A16-가정!$C$28+1)/가정!$C$30)) -> 0.16666667 | E16: =IF(가정!$F$7<30000,1,0)*MIN(1,MAX(0,(A16-가정!$C$29+1)/가정!$C$30)) -> 0.14583333 | F16: =IF(가정!$F$7<30000,1,0)*IF(A16>=가정!$C$29,1,0) -> 1 | G16: =가정!$F$8*MIN(1,MAX(0,(A16-가정!$C$31+1)/가정!$C$32)) -> 0.75 | H16: =가정!$C$37+D16*가정!$C$14+E16*가정!$C$18 -> -0.004375 | I16: =I15*(1+H16) -> 18.882985 | J16: =I16*(1+G16*가정!$C$19) -> 22.848412 | K16: =I16*가정!$C$36*(1+G16*가정!$C$19*가정!$C$24) -> 11.424206 | L16: =가정!$C$38+D16*가정!$C$12+E16*가정!$C$17 -> 0.11708333 | M16: =가정!$C$38+가정!$C$23*(L16-가정!$C$38) -> 0.11708333 | N16: =N15+K15 -> 124.86218 | O16: =K16+가정!$C$33*M16+N16*L16 -> 73.579319 | P16: =가정!$C$39*(1+D16*가정!$C$13) -> 1.3319667 | Q16: =1+F16*가정!$C$15 -> 1.086 | R16: =P16*Q16 -> 1.4465158 | S16: =O16*R16 -> 106.43365 | T16: =IF(F16=1,가정!$C$16,가정!$C$40) -> 29800 | U16: =S16*T16/10000 -> 317.17227 | V16: =U16/(1-가정!$C$41)*가정!$C$42 -> 333.86555 | W16: =가정!$C$33+N16+K16 -> 542.28639 | X16: =X15+J16-K16 -> 752.28639 | Y16: =W16+X16 -> 1294.5728 | Z16: =O16*P16 -> 98.005201
... A63: 60 | B63: 2031 | C63: 12 | D63: =가정!$F$6*MIN(1,MAX(0,(A63-가정!$C$28+1)/가정!$C$30)) -> 1 | E63: =IF(가정!$F$7<30000,1,0)*MIN(1,MAX(0,(A63-가정!$C$29+1)/가정!$C$30)) -> 1 | F63: =IF(가정!$F$7<30000,1,0)*IF(A63>=가정!$C$29,1,0) -> 1 | G63: =가정!$F$8*MIN(1,MAX(0,(A63-가정!$C$31+1)/가정!$C$32)) -> 1 | H63: =가정!$C$37+D63*가정!$C$14+E63*가정!$C$18 -> -0.001 | I63: =I62*(1+H63) -> 16.851337 | J63: =I63*(1+G63*가정!$C$19) -> 21.569711 | K63: =I63*가정!$C$36*(1+G63*가정!$C$19*가정!$C$24) -> 10.784856 | L63: =가정!$C$38+D63*가정!$C$12+E63*가정!$C$17 -> 0.15 | M63: =가정!$C$38+가정!$C$23*(L63-가정!$C$38) -> 0.15 | N63: =N62+K62 -> 653.36309 | O63: =K63+가정!$C$33*M63+N63*L63 -> 169.68932 | P63: =가정!$C$39*(1+D63*가정!$C$13) -> 1.5468 | Q63: =1+F63*가정!$C$15 -> 1.086 | R63: =P63*Q63 -> 1.6798248 | S63: =O63*R63 -> 285.04833 | T63: =IF(F63=1,가정!$C$16,가정!$C$40) -> 29800 | U63: =S63*T63/10000 -> 849.44401 | V63: =U63/(1-가정!$C$41)*가정!$C$42 -> 894.15159 | W63: =가정!$C$33+N63+K63 -> 1070.1479 | X63: =X62+J63-K63 -> 1280.1479 | Y63: =W63+X63 -> 2350.2959 | Z63: =O63*P63 -> 262.47544

Sheet 요약
A1: 시나리오 비교 — 연도별 주요 지표
A2: 모든 값은 가정 시트에 따라 자동 계산됩니다.
A4: 연간 총매출 (억원) | B4: 2027 | C4: 2028 | D4: 2029 | E4: 2030 | F4: 2031
A5: S1 현재 기준 | B5: =SUMIFS(S1_현재기준!$V$4:$V$63,S1_현재기준!$B$4:$B$63,2027) -> 3152.5969 | C5: =SUMIFS(S1_현재기준!$V$4:$V$63,S1_현재기준!$B$4:$B$63,2028) -> 3776.9589 | D5: =SUMIFS(S1_현재기준!$V$4:$V$63,S1_현재기준!$B$4:$B$63,2029) -> 4364.8724 | E5: =SUMIFS(S1_현재기준!$V$4:$V$63,S1_현재기준!$B$4:$B$63,2030) -> 4918.4652 | F5: =SUMIFS(S1_현재기준!$V$4:$V$63,S1_현재기준!$B$4:$B$63,2031) -> 5439.7408
A6: S2 익일배송 | B6: =SUMIFS(S2_익일!$V$4:$V$63,S2_익일!$B$4:$B$63,2027) -> 3209.4047 | C6: =SUMIFS(S2_익일!$V$4:$V$63,S2_익일!$B$4:$B$63,2028) -> 4166.316 | D6: =SUMIFS(S2_익일!$V$4:$V$63,S2_익일!$B$4:$B$63,2029) -> 5243.1465 | E6: =SUMIFS(S2_익일!$V$4:$V$63,S2_익일!$B$4:$B$63,2030) -> 6427.6234 | F6: =SUMIFS(S2_익일!$V$4:$V$63,S2_익일!$B$4:$B$63,2031) -> 7607.9691
A7: S3 익일배송 + 무배 2.5만 | B7: =SUMIFS(S3_익일무배!$V$4:$V$63,S3_익일무배!$B$4:$B$63,2027) -> 3256.8349 | C7: =SUMIFS(S3_익일무배!$V$4:$V$63,S3_익일무배!$B$4:$B$63,2028) -> 4406.5966 | D7: =SUMIFS(S3_익일무배!$V$4:$V$63,S3_익일무배!$B$4:$B$63,2029) -> 5751.8407 | E7: =SUMIFS(S3_익일무배!$V$4:$V$63,S3_익일무배!$B$4:$B$63,2030) -> 7303.969 | F7: =SUMIFS(S3_익일무배!$V$4:$V$63,S3_익일무배!$B$4:$B$63,2031) -> 8908.6183
A8: S4 익일 + 무배 + 회원 확대 | B8: =SUMIFS(S4_익일무배회원!$V$4:$V$63,S4_익일무배회원!$B$4:$B$63,2027) -> 3302.6115 | C8: =SUMIFS(S4_익일무배회원!$V$4:$V$63,S4_익일무배회원!$B$4:$B$63,2028) -> 4690.53 | D8: =SUMIFS(S4_익일무배회원!$V$4:$V$63,S4_익일무배회원!$B$4:$B$63,2029) -> 6293.1718 | E8: =SUMIFS(S4_익일무배회원!$V$4:$V$63,S4_익일무배회원!$B$4:$B$63,2030) -> 8148.6258 | F8: =SUMIFS(S4_익일무배회원!$V$4:$V$63,S4_익일무배회원!$B$4:$B$63,2031) -> 10089.719
A10: 전년 대비 성장률 | B10: 2027 | C10: 2028 | D10: 2029 | E10: 2030 | F10: 2031
A11: S1 현재 기준 | B11: =SUMIFS(S1_현재기준!$V$4:$V$63,S1_현재기준!$B$4:$B$63,2027)/가정!$C$43-1 -> 0.37069429 | C11: =SUMIFS(S1_현재기준!$V$4:$V$63,S1_현재기준!$B$4:$B$63,2028)/SUMIFS(S1_현재기준!$V$4:$V$63,S1_현재기준!$B$4:$B$63,2027)-1 -> 0.19804689 | D11: =SUMIFS(S1_현재기준!$V$4:$V$63,S1_현재기준!$B$4:$B$63,2029)/SUMIFS(S1_현재기준!$V$4:$V$63,S1_현재기준!$B$4:$B$63,2028)-1 -> 0.15565791 | E11: =SUMIFS(S1_현재기준!$V$4:$V$63,S1_현재기준!$B$4:$B$63,2030)/SUMIFS(S1_현재기준!$V$4:$V$63,S1_현재기준!$B$4:$B$63,2029)-1 -> 0.12682909 | F11: =SUMIFS(S1_현재기준!$V$4:$V$63,S1_현재기준!$B$4:$B$63,2031)/SUMIFS(S1_현재기준!$V$4:$V$63,S1_현재기준!$B$4:$B$63,2030)-1 -> 0.10598338
A12: S2 익일배송 | B12: =SUMIFS(S2_익일!$V$4:$V$63,S2_익일!$B$4:$B$63,2027)/가정!$C$43-1 -> 0.39539337 | C12: =SUMIFS(S2_익일!$V$4:$V$63,S2_익일!$B$4:$B$63,2028)/SUMIFS(S2_익일!$V$4:$V$63,S2_익일!$B$4:$B$63,2027)-1 -> 0.29815849 | D12: =SUMIFS(S2_익일!$V$4:$V$63,S2_익일!$B$4:$B$63,2029)/SUMIFS(S2_익일!$V$4:$V$63,S2_익일!$B$4:$B$63,2028)-1 -> 0.25846108 | E12: =SUMIFS(S2_익일!$V$4:$V$63,S2_익일!$B$4:$B$63,2030)/SUMIFS(S2_익일!$V$4:$V$63,S2_익일!$B$4:$B$63,2029)-1 -> 0.22590954 | F12: =SUMIFS(S2_익일!$V$4:$V$63,S2_익일!$B$4:$B$63,2031)/SUMIFS(S2_익일!$V$4:$V$63,S2_익일!$B$4:$B$63,2030)-1 -> 0.18363642
A13: S3 익일배송 + 무배 2.5만 | B13: =SUMIFS(S3_익일무배!$V$4:$V$63,S3_익일무배!$B$4:$B$63,2027)/가정!$C$43-1 -> 0.41601517 | C13: =SUMIFS(S3_익일무배!$V$4:$V$63,S3_익일무배!$B$4:$B$63,2028)/SUMIFS(S3_익일무배!$V$4:$V$63,S3_익일무배!$B$4:$B$63,2027)-1 -> 0.35303041 | D13: =SUMIFS(S3_익일무배!$V$4:$V$63,S3_익일무배!$B$4:$B$63,2029)/SUMIFS(S3_익일무배!$V$4:$V$63,S3_익일무배!$B$4:$B$63,2028)-1 -> 0.3052796 | E13: =SUMIFS(S3_익일무배!$V$4:$V$63,S3_익일무배!$B$4:$B$63,2030)/SUMIFS(S3_익일무배!$V$4:$V$63,S3_익일무배!$B$4:$B$63,2029)-1 -> 0.26984898 | F13: =SUMIFS(S3_익일무배!$V$4:$V$63,S3_익일무배!$B$4:$B$63,2031)/SUMIFS(S3_익일무배!$V$4:$V$63,S3_익일무배!$B$4:$B$63,2030)-1 -> 0.21969552
A14: S4 익일 + 무배 + 회원 확대 | B14: =SUMIFS(S4_익일무배회원!$V$4:$V$63,S4_익일무배회원!$B$4:$B$63,2027)/가정!$C$43-1 -> 0.43591804 | C14: =SUMIFS(S4_익일무배회원!$V$4:$V$63,S4_익일무배회원!$B$4:$B$63,2028)/SUMIFS(S4_익일무배회원!$V$4:$V$63,S4_익일무배회원!$B$4:$B$63,2027)-1 -> 0.42024881 | D14: =SUMIFS(S4_익일무배회원!$V$4:$V$63,S4_익일무배회원!$B$4:$B$63,2029)/SUMIFS(S4_익일무배회원!$V$4:$V$63,S4_익일무배회원!$B$4:$B$63,2028)-1 -> 0.34167606 | E14: =SUMIFS(S4_익일무배회원!$V$4:$V$63,S4_익일무배회원!$B$4:$B$63,2030)/SUMIFS(S4_익일무배회원!$V$4:$V$63,S4_익일무배회원!$B$4:$B$63,2029)-1 -> 0.29483606 | F14: =SUMIFS(S4_익일무배회원!$V$4:$V$63,S4_익일무배회원!$B$4:$B$63,2031)/SUMIFS(S4_익일무배회원!$V$4:$V$63,S4_익일무배회원!$B$4:$B$63,2030)-1 -> 0.23821113
A16: 연간 구매건수 (만건) | B16: 2027 | C16: 2028 | D16: 2029 | E16: 2030 | F16: 2031
A17: S1 현재 기준 | B17: =SUMIFS(S1_현재기준!$S$4:$S$63,S1_현재기준!$B$4:$B$63,2027) -> 940.45313 | C17: =SUMIFS(S1_현재기준!$S$4:$S$63,S1_현재기준!$B$4:$B$63,2028) -> 1126.7069 | D17: =SUMIFS(S1_현재기준!$S$4:$S$63,S1_현재기준!$B$4:$B$63,2029) -> 1302.0878 | E17: =SUMIFS(S1_현재기준!$S$4:$S$63,S1_현재기준!$B$4:$B$63,2030) -> 1467.2304 | F17: =SUMIFS(S1_현재기준!$S$4:$S$63,S1_현재기준!$B$4:$B$63,2031) -> 1622.7324
A18: S2 익일배송 | B18: =SUMIFS(S2_익일!$S$4:$S$63,S2_익일!$B$4:$B$63,2027) -> 957.39952 | C18: =SUMIFS(S2_익일!$S$4:$S$63,S2_익일!$B$4:$B$63,2028) -> 1242.8563 | D18: =SUMIFS(S2_익일!$S$4:$S$63,S2_익일!$B$4:$B$63,2029) -> 1564.0863 | E18: =SUMIFS(S2_익일!$S$4:$S$63,S2_익일!$B$4:$B$63,2030) -> 1917.4283 | F18: =SUMIFS(S2_익일!$S$4:$S$63,S2_익일!$B$4:$B$63,2031) -> 2269.538
A19: S3 익일배송 + 무배 2.5만 | B19: =SUMIFS(S3_익일무배!$S$4:$S$63,S3_익일무배!$B$4:$B$63,2027) -> 1007.5767 | C19: =SUMIFS(S3_익일무배!$S$4:$S$63,S3_익일무배!$B$4:$B$63,2028) -> 1404.7875 | D19: =SUMIFS(S3_익일무배!$S$4:$S$63,S3_익일무배!$B$4:$B$63,2029) -> 1833.6405 | E19: =SUMIFS(S3_익일무배!$S$4:$S$63,S3_익일무배!$B$4:$B$63,2030) -> 2328.4465 | F19: =SUMIFS(S3_익일무배!$S$4:$S$63,S3_익일무배!$B$4:$B$63,2031) -> 2839.9958
A20: S4 익일 + 무배 + 회원 확대 | B20: =SUMIFS(S4_익일무배회원!$S$4:$S$63,S4_익일무배회원!$B$4:$B$63,2027) -> 1022.1069 | C20: =SUMIFS(S4_익일무배회원!$S$4:$S$63,S4_익일무배회원!$B$4:$B$63,2028) -> 1495.3032 | D20: =SUMIFS(S4_익일무배회원!$S$4:$S$63,S4_익일무배회원!$B$4:$B$63,2029) -> 2006.2125 | E20: =SUMIFS(S4_익일무배회원!$S$4:$S$63,S4_익일무배회원!$B$4:$B$63,2030) -> 2597.7163 | F20: =SUMIFS(S4_익일무배회원!$S$4:$S$63,S4_익일무배회원!$B$4:$B$63,2031) -> 3216.5212
A22: 12월 월 가입 (만명/월) | B22: 2027 | C22: 2028 | D22: 2029 | E22: 2030 | F22: 2031
A23: S1 현재 기준 | B23: =SUMIFS(S1_현재기준!$J$4:$J$63,S1_현재기준!$B$4:$B$63,2027,S1_현재기준!$C$4:$C$63,12) -> 18.927092 | C23: =SUMIFS(S1_현재기준!$J$4:$J$63,S1_현재기준!$B$4:$B$63,2028,S1_현재기준!$C$4:$C$63,12) -> 17.822181 | D23: =SUMIFS(S1_현재기준!$J$4:$J$63,S1_현재기준!$B$4:$B$63,2029,S1_현재기준!$C$4:$C$63,12) -> 16.781772 | E23: =SUMIFS(S1_현재기준!$J$4:$J$63,S1_현재기준!$B$4:$B$63,2030,S1_현재기준!$C$4:$C$63,12) -> 15.802099 | F23: =SUMIFS(S1_현재기준!$J$4:$J$63,S1_현재기준!$B$4:$B$63,2031,S1_현재기준!$C$4:$C$63,12) -> 14.879617
A24: S2 익일배송 | B24: =SUMIFS(S2_익일!$J$4:$J$63,S2_익일!$B$4:$B$63,2027,S2_익일!$C$4:$C$63,12) -> 18.949295 | C24: =SUMIFS(S2_익일!$J$4:$J$63,S2_익일!$B$4:$B$63,2028,S2_익일!$C$4:$C$63,12) -> 17.964509 | D24: =SUMIFS(S2_익일!$J$4:$J$63,S2_익일!$B$4:$B$63,2029,S2_익일!$C$4:$C$63,12) -> 17.133827 | E24: =SUMIFS(S2_익일!$J$4:$J$63,S2_익일!$B$4:$B$63,2030,S2_익일!$C$4:$C$63,12) -> 16.440265 | F24: =SUMIFS(S2_익일!$J$4:$J$63,S2_익일!$B$4:$B$63,2031,S2_익일!$C$4:$C$63,12) -> 15.851458
A25: S3 익일배송 + 무배 2.5만 | B25: =SUMIFS(S3_익일무배!$J$4:$J$63,S3_익일무배!$B$4:$B$63,2027,S3_익일무배!$C$4:$C$63,12) -> 18.965961 | C25: =SUMIFS(S3_익일무배!$J$4:$J$63,S3_익일무배!$B$4:$B$63,2028,S3_익일무배!$C$4:$C$63,12) -> 18.093505 | D25: =SUMIFS(S3_익일무배!$J$4:$J$63,S3_익일무배!$B$4:$B$63,2029,S3_익일무배!$C$4:$C$63,12) -> 17.470285 | E25: =SUMIFS(S3_익일무배!$J$4:$J$63,S3_익일무배!$B$4:$B$63,2030,S3_익일무배!$C$4:$C$63,12) -> 17.072668 | F25: =SUMIFS(S3_익일무배!$J$4:$J$63,S3_익일무배!$B$4:$B$63,2031,S3_익일무배!$C$4:$C$63,12) -> 16.851337
A26: S4 익일 + 무배 + 회원 확대 | B26: =SUMIFS(S4_익일무배회원!$J$4:$J$63,S4_익일무배회원!$B$4:$B$63,2027,S4_익일무배회원!$C$4:$C$63,12) -> 22.506274 | C26: =SUMIFS(S4_익일무배회원!$J$4:$J$63,S4_익일무배회원!$B$4:$B$63,2028,S4_익일무배회원!$C$4:$C$63,12) -> 23.159687 | D26: =SUMIFS(S4_익일무배회원!$J$4:$J$63,S4_익일무배회원!$B$4:$B$63,2029,S4_익일무배회원!$C$4:$C$63,12) -> 22.361964 | E26: =SUMIFS(S4_익일무배회원!$J$4:$J$63,S4_익일무배회원!$B$4:$B$63,2030,S4_익일무배회원!$C$4:$C$63,12) -> 21.853016 | F26: =SUMIFS(S4_익일무배회원!$J$4:$J$63,S4_익일무배회원!$B$4:$B$63,2031,S4_익일무배회원!$C$4:$C$63,12) -> 21.569711
A28: 12월 신규 구매고객 (만명/월) | B28: 2027 | C28: 2028 | D28: 2029 | E28: 2030 | F28: 2031
A29: S1 현재 기준 | B29: =SUMIFS(S1_현재기준!$K$4:$K$63,S1_현재기준!$B$4:$B$63,2027,S1_현재기준!$C$4:$C$63,12) -> 9.4635458 | C29: =SUMIFS(S1_현재기준!$K$4:$K$63,S1_현재기준!$B$4:$B$63,2028,S1_현재기준!$C$4:$C$63,12) -> 8.9110906 | D29: =SUMIFS(S1_현재기준!$K$4:$K$63,S1_현재기준!$B$4:$B$63,2029,S1_현재기준!$C$4:$C$63,12) -> 8.3908861 | E29: =SUMIFS(S1_현재기준!$K$4:$K$63,S1_현재기준!$B$4:$B$63,2030,S1_현재기준!$C$4:$C$63,12) -> 7.9010497 | F29: =SUMIFS(S1_현재기준!$K$4:$K$63,S1_현재기준!$B$4:$B$63,2031,S1_현재기준!$C$4:$C$63,12) -> 7.4398086
A30: S2 익일배송 | B30: =SUMIFS(S2_익일!$K$4:$K$63,S2_익일!$B$4:$B$63,2027,S2_익일!$C$4:$C$63,12) -> 9.4746474 | C30: =SUMIFS(S2_익일!$K$4:$K$63,S2_익일!$B$4:$B$63,2028,S2_익일!$C$4:$C$63,12) -> 8.9822546 | D30: =SUMIFS(S2_익일!$K$4:$K$63,S2_익일!$B$4:$B$63,2029,S2_익일!$C$4:$C$63,12) -> 8.5669135 | E30: =SUMIFS(S2_익일!$K$4:$K$63,S2_익일!$B$4:$B$63,2030,S2_익일!$C$4:$C$63,12) -> 8.2201326 | F30: =SUMIFS(S2_익일!$K$4:$K$63,S2_익일!$B$4:$B$63,2031,S2_익일!$C$4:$C$63,12) -> 7.9257288
A31: S3 익일배송 + 무배 2.5만 | B31: =SUMIFS(S3_익일무배!$K$4:$K$63,S3_익일무배!$B$4:$B$63,2027,S3_익일무배!$C$4:$C$63,12) -> 9.4829805 | C31: =SUMIFS(S3_익일무배!$K$4:$K$63,S3_익일무배!$B$4:$B$63,2028,S3_익일무배!$C$4:$C$63,12) -> 9.0467527 | D31: =SUMIFS(S3_익일무배!$K$4:$K$63,S3_익일무배!$B$4:$B$63,2029,S3_익일무배!$C$4:$C$63,12) -> 8.7351423 | E31: =SUMIFS(S3_익일무배!$K$4:$K$63,S3_익일무배!$B$4:$B$63,2030,S3_익일무배!$C$4:$C$63,12) -> 8.5363342 | F31: =SUMIFS(S3_익일무배!$K$4:$K$63,S3_익일무배!$B$4:$B$63,2031,S3_익일무배!$C$4:$C$63,12) -> 8.4256684
A32: S4 익일 + 무배 + 회원 확대 | B32: =SUMIFS(S4_익일무배회원!$K$4:$K$63,S4_익일무배회원!$B$4:$B$63,2027,S4_익일무배회원!$C$4:$C$63,12) -> 11.253137 | C32: =SUMIFS(S4_익일무배회원!$K$4:$K$63,S4_익일무배회원!$B$4:$B$63,2028,S4_익일무배회원!$C$4:$C$63,12) -> 11.579843 | D32: =SUMIFS(S4_익일무배회원!$K$4:$K$63,S4_익일무배회원!$B$4:$B$63,2029,S4_익일무배회원!$C$4:$C$63,12) -> 11.180982 | E32: =SUMIFS(S4_익일무배회원!$K$4:$K$63,S4_익일무배회원!$B$4:$B$63,2030,S4_익일무배회원!$C$4:$C$63,12) -> 10.926508 | F32: =SUMIFS(S4_익일무배회원!$K$4:$K$63,S4_익일무배회원!$B$4:$B$63,2031,S4_익일무배회원!$C$4:$C$63,12) -> 10.784856
A34: 연말 회원수 (만명) | B34: 2027 | C34: 2028 | D34: 2029 | E34: 2030 | F34: 2031
A35: S1 현재 기준 | B35: =SUMIFS(S1_현재기준!$Y$4:$Y$63,S1_현재기준!$B$4:$B$63,2027,S1_현재기준!$C$4:$C$63,12) -> 1255.5088 | C35: =SUMIFS(S1_현재기준!$Y$4:$Y$63,S1_현재기준!$B$4:$B$63,2028,S1_현재기준!$C$4:$C$63,12) -> 1475.386 | D35: =SUMIFS(S1_현재기준!$Y$4:$Y$63,S1_현재기준!$B$4:$B$63,2029,S1_현재기준!$C$4:$C$63,12) -> 1682.4273 | E35: =SUMIFS(S1_현재기준!$Y$4:$Y$63,S1_현재기준!$B$4:$B$63,2030,S1_현재기준!$C$4:$C$63,12) -> 1877.3822 | F35: =SUMIFS(S1_현재기준!$Y$4:$Y$63,S1_현재기준!$B$4:$B$63,2031,S1_현재기준!$C$4:$C$63,12) -> 2060.9562
A36: S2 익일배송 | B36: =SUMIFS(S2_익일!$Y$4:$Y$63,S2_익일!$B$4:$B$63,2027,S2_익일!$C$4:$C$63,12) -> 1255.5759 | C36: =SUMIFS(S2_익일!$Y$4:$Y$63,S2_익일!$B$4:$B$63,2028,S2_익일!$C$4:$C$63,12) -> 1476.4037 | D36: =SUMIFS(S2_익일!$Y$4:$Y$63,S2_익일!$B$4:$B$63,2029,S2_익일!$C$4:$C$63,12) -> 1686.4344 | E36: =SUMIFS(S2_익일!$Y$4:$Y$63,S2_익일!$B$4:$B$63,2030,S2_익일!$C$4:$C$63,12) -> 1887.4034 | F36: =SUMIFS(S2_익일!$Y$4:$Y$63,S2_익일!$B$4:$B$63,2031,S2_익일!$C$4:$C$63,12) -> 2080.8076
A37: S3 익일배송 + 무배 2.5만 | B37: =SUMIFS(S3_익일무배!$Y$4:$Y$63,S3_익일무배!$B$4:$B$63,2027,S3_익일무배!$C$4:$C$63,12) -> 1255.6206 | C37: =SUMIFS(S3_익일무배!$Y$4:$Y$63,S3_익일무배!$B$4:$B$63,2028,S3_익일무배!$C$4:$C$63,12) -> 1477.2789 | D37: =SUMIFS(S3_익일무배!$Y$4:$Y$63,S3_익일무배!$B$4:$B$63,2029,S3_익일무배!$C$4:$C$63,12) -> 1690.1159 | E37: =SUMIFS(S3_익일무배!$Y$4:$Y$63,S3_익일무배!$B$4:$B$63,2030,S3_익일무배!$C$4:$C$63,12) -> 1896.9597 | F37: =SUMIFS(S3_익일무배!$Y$4:$Y$63,S3_익일무배!$B$4:$B$63,2031,S3_익일무배!$C$4:$C$63,12) -> 2100.314
A38: S4 익일 + 무배 + 회원 확대 | B38: =SUMIFS(S4_익일무배회원!$Y$4:$Y$63,S4_익일무배회원!$B$4:$B$63,2027,S4_익일무배회원!$C$4:$C$63,12) -> 1271.7244 | C38: =SUMIFS(S4_익일무배회원!$Y$4:$Y$63,S4_익일무배회원!$B$4:$B$63,2028,S4_익일무배회원!$C$4:$C$63,12) -> 1552.8109 | D38: =SUMIFS(S4_익일무배회원!$Y$4:$Y$63,S4_익일무배회원!$B$4:$B$63,2029,S4_익일무배회원!$C$4:$C$63,12) -> 1825.2423 | E38: =SUMIFS(S4_익일무배회원!$Y$4:$Y$63,S4_익일무배회원!$B$4:$B$63,2030,S4_익일무배회원!$C$4:$C$63,12) -> 2090.0023 | F38: =SUMIFS(S4_익일무배회원!$Y$4:$Y$63,S4_익일무배회원!$B$4:$B$63,2031,S4_익일무배회원!$C$4:$C$63,12) -> 2350.2959
A40: 연말 누적 구매고객 (만명) | B40: 2027 | C40: 2028 | D40: 2029 | E40: 2030 | F40: 2031
A41: S1 현재 기준 | B41: =SUMIFS(S1_현재기준!$W$4:$W$63,S1_현재기준!$B$4:$B$63,2027,S1_현재기준!$C$4:$C$63,12) -> 522.75439 | C41: =SUMIFS(S1_현재기준!$W$4:$W$63,S1_현재기준!$B$4:$B$63,2028,S1_현재기준!$C$4:$C$63,12) -> 632.69298 | D41: =SUMIFS(S1_현재기준!$W$4:$W$63,S1_현재기준!$B$4:$B$63,2029,S1_현재기준!$C$4:$C$63,12) -> 736.21367 | E41: =SUMIFS(S1_현재기준!$W$4:$W$63,S1_현재기준!$B$4:$B$63,2030,S1_현재기준!$C$4:$C$63,12) -> 833.6911 | F41: =SUMIFS(S1_현재기준!$W$4:$W$63,S1_현재기준!$B$4:$B$63,2031,S1_현재기준!$C$4:$C$63,12) -> 925.47808
A42: S2 익일배송 | B42: =SUMIFS(S2_익일!$W$4:$W$63,S2_익일!$B$4:$B$63,2027,S2_익일!$C$4:$C$63,12) -> 522.78794 | C42: =SUMIFS(S2_익일!$W$4:$W$63,S2_익일!$B$4:$B$63,2028,S2_익일!$C$4:$C$63,12) -> 633.20186 | D42: =SUMIFS(S2_익일!$W$4:$W$63,S2_익일!$B$4:$B$63,2029,S2_익일!$C$4:$C$63,12) -> 738.21721 | E42: =SUMIFS(S2_익일!$W$4:$W$63,S2_익일!$B$4:$B$63,2030,S2_익일!$C$4:$C$63,12) -> 838.70171 | F42: =SUMIFS(S2_익일!$W$4:$W$63,S2_익일!$B$4:$B$63,2031,S2_익일!$C$4:$C$63,12) -> 935.40378
A43: S3 익일배송 + 무배 2.5만 | B43: =SUMIFS(S3_익일무배!$W$4:$W$63,S3_익일무배!$B$4:$B$63,2027,S3_익일무배!$C$4:$C$63,12) -> 522.81029 | C43: =SUMIFS(S3_익일무배!$W$4:$W$63,S3_익일무배!$B$4:$B$63,2028,S3_익일무배!$C$4:$C$63,12) -> 633.63943 | D43: =SUMIFS(S3_익일무배!$W$4:$W$63,S3_익일무배!$B$4:$B$63,2029,S3_익일무배!$C$4:$C$63,12) -> 740.05796 | E43: =SUMIFS(S3_익일무배!$W$4:$W$63,S3_익일무배!$B$4:$B$63,2030,S3_익일무배!$C$4:$C$63,12) -> 843.47983 | F43: =SUMIFS(S3_익일무배!$W$4:$W$63,S3_익일무배!$B$4:$B$63,2031,S3_익일무배!$C$4:$C$63,12) -> 945.15702
A44: S4 익일 + 무배 + 회원 확대 | B44: =SUMIFS(S4_익일무배회원!$W$4:$W$63,S4_익일무배회원!$B$4:$B$63,2027,S4_익일무배회원!$C$4:$C$63,12) -> 530.86218 | C44: =SUMIFS(S4_익일무배회원!$W$4:$W$63,S4_익일무배회원!$B$4:$B$63,2028,S4_익일무배회원!$C$4:$C$63,12) -> 671.40543 | D44: =SUMIFS(S4_익일무배회원!$W$4:$W$63,S4_익일무배회원!$B$4:$B$63,2029,S4_익일무배회원!$C$4:$C$63,12) -> 807.62115 | E44: =SUMIFS(S4_익일무배회원!$W$4:$W$63,S4_익일무배회원!$B$4:$B$63,2030,S4_익일무배회원!$C$4:$C$63,12) -> 940.00115 | F44: =SUMIFS(S4_익일무배회원!$W$4:$W$63,S4_익일무배회원!$B$4:$B$63,2031,S4_익일무배회원!$C$4:$C$63,12) -> 1070.1479
A46: 12월 활동 구매고객 (만명) | B46: 2027 | C46: 2028 | D46: 2029 | E46: 2030 | F46: 2031
A47: S1 현재 기준 | B47: =SUMIFS(S1_현재기준!$O$4:$O$63,S1_현재기준!$B$4:$B$63,2027,S1_현재기준!$C$4:$C$63,12) -> 66.438829 | C47: =SUMIFS(S1_현재기준!$O$4:$O$63,S1_현재기준!$B$4:$B$63,2028,S1_현재기준!$C$4:$C$63,12) -> 78.15088 | D47: =SUMIFS(S1_현재기준!$O$4:$O$63,S1_현재기준!$B$4:$B$63,2029,S1_현재기준!$C$4:$C$63,12) -> 89.179215 | E47: =SUMIFS(S1_현재기준!$O$4:$O$63,S1_현재기준!$B$4:$B$63,2030,S1_현재기준!$C$4:$C$63,12) -> 99.563746 | F47: =SUMIFS(S1_현재기준!$O$4:$O$63,S1_현재기준!$B$4:$B$63,2031,S1_현재기준!$C$4:$C$63,12) -> 109.34206
A48: S2 익일배송 | B48: =SUMIFS(S2_익일!$O$4:$O$63,S2_익일!$B$4:$B$63,2027,S2_익일!$C$4:$C$63,12) -> 67.874728 | C48: =SUMIFS(S2_익일!$O$4:$O$63,S2_익일!$B$4:$B$63,2028,S2_익일!$C$4:$C$63,12) -> 82.965282 | D48: =SUMIFS(S2_익일!$O$4:$O$63,S2_익일!$B$4:$B$63,2029,S2_익일!$C$4:$C$63,12) -> 98.511514 | E48: =SUMIFS(S2_익일!$O$4:$O$63,S2_익일!$B$4:$B$63,2030,S2_익일!$C$4:$C$63,12) -> 114.53908 | F48: =SUMIFS(S2_익일!$O$4:$O$63,S2_익일!$B$4:$B$63,2031,S2_익일!$C$4:$C$63,12) -> 128.49788
A49: S3 익일배송 + 무배 2.5만 | B49: =SUMIFS(S3_익일무배!$O$4:$O$63,S3_익일무배!$B$4:$B$63,2027,S3_익일무배!$C$4:$C$63,12) -> 69.167975 | C49: =SUMIFS(S3_익일무배!$O$4:$O$63,S3_익일무배!$B$4:$B$63,2028,S3_익일무배!$C$4:$C$63,12) -> 87.758442 | D49: =SUMIFS(S3_익일무배!$O$4:$O$63,S3_익일무배!$B$4:$B$63,2029,S3_익일무배!$C$4:$C$63,12) -> 108.02745 | E49: =SUMIFS(S3_익일무배!$O$4:$O$63,S3_익일무배!$B$4:$B$63,2030,S3_익일무배!$C$4:$C$63,12) -> 130.03801 | F49: =SUMIFS(S3_익일무배!$O$4:$O$63,S3_익일무배!$B$4:$B$63,2031,S3_익일무배!$C$4:$C$63,12) -> 148.93537
A50: S4 익일 + 무배 + 회원 확대 | B50: =SUMIFS(S4_익일무배회원!$O$4:$O$63,S4_익일무배회원!$B$4:$B$63,2027,S4_익일무배회원!$C$4:$C$63,12) -> 71.668513 | C50: =SUMIFS(S4_익일무배회원!$O$4:$O$63,S4_익일무배회원!$B$4:$B$63,2028,S4_익일무배회원!$C$4:$C$63,12) -> 94.731613 | D50: =SUMIFS(S4_익일무배회원!$O$4:$O$63,S4_익일무배회원!$B$4:$B$63,2029,S4_익일무배회원!$C$4:$C$63,12) -> 119.31433 | E50: =SUMIFS(S4_익일무배회원!$O$4:$O$63,S4_익일무배회원!$B$4:$B$63,2030,S4_익일무배회원!$C$4:$C$63,12) -> 146.12622 | F50: =SUMIFS(S4_익일무배회원!$O$4:$O$63,S4_익일무배회원!$B$4:$B$63,2031,S4_익일무배회원!$C$4:$C$63,12) -> 169.68932
A52: 12월 잔존율 — 신규 코호트 | B52: 2027 | C52: 2028 | D52: 2029 | E52: 2030 | F52: 2031
A53: S1 현재 기준 | B53: =SUMIFS(S1_현재기준!$L$4:$L$63,S1_현재기준!$B$4:$B$63,2027,S1_현재기준!$C$4:$C$63,12) -> 0.111 | C53: =SUMIFS(S1_현재기준!$L$4:$L$63,S1_현재기준!$B$4:$B$63,2028,S1_현재기준!$C$4:$C$63,12) -> 0.111 | D53: =SUMIFS(S1_현재기준!$L$4:$L$63,S1_현재기준!$B$4:$B$63,2029,S1_현재기준!$C$4:$C$63,12) -> 0.111 | E53: =SUMIFS(S1_현재기준!$L$4:$L$63,S1_현재기준!$B$4:$B$63,2030,S1_현재기준!$C$4:$C$63,12) -> 0.111 | F53: =SUMIFS(S1_현재기준!$L$4:$L$63,S1_현재기준!$B$4:$B$63,2031,S1_현재기준!$C$4:$C$63,12) -> 0.111
A54: S2 익일배송 | B54: =SUMIFS(S2_익일!$L$4:$L$63,S2_익일!$B$4:$B$63,2027,S2_익일!$C$4:$C$63,12) -> 0.11377083 | C54: =SUMIFS(S2_익일!$L$4:$L$63,S2_익일!$B$4:$B$63,2028,S2_익일!$C$4:$C$63,12) -> 0.11852083 | D54: =SUMIFS(S2_익일!$L$4:$L$63,S2_익일!$B$4:$B$63,2029,S2_익일!$C$4:$C$63,12) -> 0.12327083 | E54: =SUMIFS(S2_익일!$L$4:$L$63,S2_익일!$B$4:$B$63,2030,S2_익일!$C$4:$C$63,12) -> 0.12802083 | F54: =SUMIFS(S2_익일!$L$4:$L$63,S2_익일!$B$4:$B$63,2031,S2_익일!$C$4:$C$63,12) -> 0.13
A55: S3 익일배송 + 무배 2.5만 | B55: =SUMIFS(S3_익일무배!$L$4:$L$63,S3_익일무배!$B$4:$B$63,2027,S3_익일무배!$C$4:$C$63,12) -> 0.11627083 | C55: =SUMIFS(S3_익일무배!$L$4:$L$63,S3_익일무배!$B$4:$B$63,2028,S3_익일무배!$C$4:$C$63,12) -> 0.12602083 | D55: =SUMIFS(S3_익일무배!$L$4:$L$63,S3_익일무배!$B$4:$B$63,2029,S3_익일무배!$C$4:$C$63,12) -> 0.13577083 | E55: =SUMIFS(S3_익일무배!$L$4:$L$63,S3_익일무배!$B$4:$B$63,2030,S3_익일무배!$C$4:$C$63,12) -> 0.14552083 | F55: =SUMIFS(S3_익일무배!$L$4:$L$63,S3_익일무배!$B$4:$B$63,2031,S3_익일무배!$C$4:$C$63,12) -> 0.15
A56: S4 익일 + 무배 + 회원 확대 | B56: =SUMIFS(S4_익일무배회원!$L$4:$L$63,S4_익일무배회원!$B$4:$B$63,2027,S4_익일무배회원!$C$4:$C$63,12) -> 0.11627083 | C56: =SUMIFS(S4_익일무배회원!$L$4:$L$63,S4_익일무배회원!$B$4:$B$63,2028,S4_익일무배회원!$C$4:$C$63,12) -> 0.12602083 | D56: =SUMIFS(S4_익일무배회원!$L$4:$L$63,S4_익일무배회원!$B$4:$B$63,2029,S4_익일무배회원!$C$4:$C$63,12) -> 0.13577083 | E56: =SUMIFS(S4_익일무배회원!$L$4:$L$63,S4_익일무배회원!$B$4:$B$63,2030,S4_익일무배회원!$C$4:$C$63,12) -> 0.14552083 | F56: =SUMIFS(S4_익일무배회원!$L$4:$L$63,S4_익일무배회원!$B$4:$B$63,2031,S4_익일무배회원!$C$4:$C$63,12) -> 0.15
A58: 12월 잔존율 — 기존 고객 | B58: 2027 | C58: 2028 | D58: 2029 | E58: 2030 | F58: 2031
A59: S1 현재 기준 | B59: =SUMIFS(S1_현재기준!$M$4:$M$63,S1_현재기준!$B$4:$B$63,2027,S1_현재기준!$C$4:$C$63,12) -> 0.111 | C59: =SUMIFS(S1_현재기준!$M$4:$M$63,S1_현재기준!$B$4:$B$63,2028,S1_현재기준!$C$4:$C$63,12) -> 0.111 | D59: =SUMIFS(S1_현재기준!$M$4:$M$63,S1_현재기준!$B$4:$B$63,2029,S1_현재기준!$C$4:$C$63,12) -> 0.111 | E59: =SUMIFS(S1_현재기준!$M$4:$M$63,S1_현재기준!$B$4:$B$63,2030,S1_현재기준!$C$4:$C$63,12) -> 0.111 | F59: =SUMIFS(S1_현재기준!$M$4:$M$63,S1_현재기준!$B$4:$B$63,2031,S1_현재기준!$C$4:$C$63,12) -> 0.111
A60: S2 익일배송 | B60: =SUMIFS(S2_익일!$M$4:$M$63,S2_익일!$B$4:$B$63,2027,S2_익일!$C$4:$C$63,12) -> 0.11377083 | C60: =SUMIFS(S2_익일!$M$4:$M$63,S2_익일!$B$4:$B$63,2028,S2_익일!$C$4:$C$63,12) -> 0.11852083 | D60: =SUMIFS(S2_익일!$M$4:$M$63,S2_익일!$B$4:$B$63,2029,S2_익일!$C$4:$C$63,12) -> 0.12327083 | E60: =SUMIFS(S2_익일!$M$4:$M$63,S2_익일!$B$4:$B$63,2030,S2_익일!$C$4:$C$63,12) -> 0.12802083 | F60: =SUMIFS(S2_익일!$M$4:$M$63,S2_익일!$B$4:$B$63,2031,S2_익일!$C$4:$C$63,12) -> 0.13
A61: S3 익일배송 + 무배 2.5만 | B61: =SUMIFS(S3_익일무배!$M$4:$M$63,S3_익일무배!$B$4:$B$63,2027,S3_익일무배!$C$4:$C$63,12) -> 0.11627083 | C61: =SUMIFS(S3_익일무배!$M$4:$M$63,S3_익일무배!$B$4:$B$63,2028,S3_익일무배!$C$4:$C$63,12) -> 0.12602083 | D61: =SUMIFS(S3_익일무배!$M$4:$M$63,S3_익일무배!$B$4:$B$63,2029,S3_익일무배!$C$4:$C$63,12) -> 0.13577083 | E61: =SUMIFS(S3_익일무배!$M$4:$M$63,S3_익일무배!$B$4:$B$63,2030,S3_익일무배!$C$4:$C$63,12) -> 0.14552083 | F61: =SUMIFS(S3_익일무배!$M$4:$M$63,S3_익일무배!$B$4:$B$63,2031,S3_익일무배!$C$4:$C$63,12) -> 0.15
A62: S4 익일 + 무배 + 회원 확대 | B62: =SUMIFS(S4_익일무배회원!$M$4:$M$63,S4_익일무배회원!$B$4:$B$63,2027,S4_익일무배회원!$C$4:$C$63,12) -> 0.11627083 | C62: =SUMIFS(S4_익일무배회원!$M$4:$M$63,S4_익일무배회원!$B$4:$B$63,2028,S4_익일무배회원!$C$4:$C$63,12) -> 0.12602083 | D62: =SUMIFS(S4_익일무배회원!$M$4:$M$63,S4_익일무배회원!$B$4:$B$63,2029,S4_익일무배회원!$C$4:$C$63,12) -> 0.13577083 | E62: =SUMIFS(S4_익일무배회원!$M$4:$M$63,S4_익일무배회원!$B$4:$B$63,2030,S4_익일무배회원!$C$4:$C$63,12) -> 0.14552083 | F62: =SUMIFS(S4_익일무배회원!$M$4:$M$63,S4_익일무배회원!$B$4:$B$63,2031,S4_익일무배회원!$C$4:$C$63,12) -> 0.15
A64: 12월 구매빈도 (건/월) | B64: 2027 | C64: 2028 | D64: 2029 | E64: 2030 | F64: 2031
A65: S1 현재 기준 | B65: =SUMIFS(S1_현재기준!$R$4:$R$63,S1_현재기준!$B$4:$B$63,2027,S1_현재기준!$C$4:$C$63,12) -> 1.289 | C65: =SUMIFS(S1_현재기준!$R$4:$R$63,S1_현재기준!$B$4:$B$63,2028,S1_현재기준!$C$4:$C$63,12) -> 1.289 | D65: =SUMIFS(S1_현재기준!$R$4:$R$63,S1_현재기준!$B$4:$B$63,2029,S1_현재기준!$C$4:$C$63,12) -> 1.289 | E65: =SUMIFS(S1_현재기준!$R$4:$R$63,S1_현재기준!$B$4:$B$63,2030,S1_현재기준!$C$4:$C$63,12) -> 1.289 | F65: =SUMIFS(S1_현재기준!$R$4:$R$63,S1_현재기준!$B$4:$B$63,2031,S1_현재기준!$C$4:$C$63,12) -> 1.289
A66: S2 익일배송 | B66: =SUMIFS(S2_익일!$R$4:$R$63,S2_익일!$B$4:$B$63,2027,S2_익일!$C$4:$C$63,12) -> 1.3265958 | C66: =SUMIFS(S2_익일!$R$4:$R$63,S2_익일!$B$4:$B$63,2028,S2_익일!$C$4:$C$63,12) -> 1.3910458 | D66: =SUMIFS(S2_익일!$R$4:$R$63,S2_익일!$B$4:$B$63,2029,S2_익일!$C$4:$C$63,12) -> 1.4554958 | E66: =SUMIFS(S2_익일!$R$4:$R$63,S2_익일!$B$4:$B$63,2030,S2_익일!$C$4:$C$63,12) -> 1.5199458 | F66: =SUMIFS(S2_익일!$R$4:$R$63,S2_익일!$B$4:$B$63,2031,S2_익일!$C$4:$C$63,12) -> 1.5468
A67: S3 익일배송 + 무배 2.5만 | B67: =SUMIFS(S3_익일무배!$R$4:$R$63,S3_익일무배!$B$4:$B$63,2027,S3_익일무배!$C$4:$C$63,12) -> 1.4406831 | C67: =SUMIFS(S3_익일무배!$R$4:$R$63,S3_익일무배!$B$4:$B$63,2028,S3_익일무배!$C$4:$C$63,12) -> 1.5106758 | D67: =SUMIFS(S3_익일무배!$R$4:$R$63,S3_익일무배!$B$4:$B$63,2029,S3_익일무배!$C$4:$C$63,12) -> 1.5806685 | E67: =SUMIFS(S3_익일무배!$R$4:$R$63,S3_익일무배!$B$4:$B$63,2030,S3_익일무배!$C$4:$C$63,12) -> 1.6506612 | F67: =SUMIFS(S3_익일무배!$R$4:$R$63,S3_익일무배!$B$4:$B$63,2031,S3_익일무배!$C$4:$C$63,12) -> 1.6798248
A68: S4 익일 + 무배 + 회원 확대 | B68: =SUMIFS(S4_익일무배회원!$R$4:$R$63,S4_익일무배회원!$B$4:$B$63,2027,S4_익일무배회원!$C$4:$C$63,12) -> 1.4406831 | C68: =SUMIFS(S4_익일무배회원!$R$4:$R$63,S4_익일무배회원!$B$4:$B$63,2028,S4_익일무배회원!$C$4:$C$63,12) -> 1.5106758 | D68: =SUMIFS(S4_익일무배회원!$R$4:$R$63,S4_익일무배회원!$B$4:$B$63,2029,S4_익일무배회원!$C$4:$C$63,12) -> 1.5806685 | E68: =SUMIFS(S4_익일무배회원!$R$4:$R$63,S4_익일무배회원!$B$4:$B$63,2030,S4_익일무배회원!$C$4:$C$63,12) -> 1.6506612 | F68: =SUMIFS(S4_익일무배회원!$R$4:$R$63,S4_익일무배회원!$B$4:$B$63,2031,S4_익일무배회원!$C$4:$C$63,12) -> 1.6798248
A70: 12월 객단가 (원) | B70: 2027 | C70: 2028 | D70: 2029 | E70: 2030 | F70: 2031
A71: S1 현재 기준 | B71: =SUMIFS(S1_현재기준!$T$4:$T$63,S1_현재기준!$B$4:$B$63,2027,S1_현재기준!$C$4:$C$63,12) -> 31846 | C71: =SUMIFS(S1_현재기준!$T$4:$T$63,S1_현재기준!$B$4:$B$63,2028,S1_현재기준!$C$4:$C$63,12) -> 31846 | D71: =SUMIFS(S1_현재기준!$T$4:$T$63,S1_현재기준!$B$4:$B$63,2029,S1_현재기준!$C$4:$C$63,12) -> 31846 | E71: =SUMIFS(S1_현재기준!$T$4:$T$63,S1_현재기준!$B$4:$B$63,2030,S1_현재기준!$C$4:$C$63,12) -> 31846 | F71: =SUMIFS(S1_현재기준!$T$4:$T$63,S1_현재기준!$B$4:$B$63,2031,S1_현재기준!$C$4:$C$63,12) -> 31846
A72: S2 익일배송 | B72: =SUMIFS(S2_익일!$T$4:$T$63,S2_익일!$B$4:$B$63,2027,S2_익일!$C$4:$C$63,12) -> 31846 | C72: =SUMIFS(S2_익일!$T$4:$T$63,S2_익일!$B$4:$B$63,2028,S2_익일!$C$4:$C$63,12) -> 31846 | D72: =SUMIFS(S2_익일!$T$4:$T$63,S2_익일!$B$4:$B$63,2029,S2_익일!$C$4:$C$63,12) -> 31846 | E72: =SUMIFS(S2_익일!$T$4:$T$63,S2_익일!$B$4:$B$63,2030,S2_익일!$C$4:$C$63,12) -> 31846 | F72: =SUMIFS(S2_익일!$T$4:$T$63,S2_익일!$B$4:$B$63,2031,S2_익일!$C$4:$C$63,12) -> 31846
A73: S3 익일배송 + 무배 2.5만 | B73: =SUMIFS(S3_익일무배!$T$4:$T$63,S3_익일무배!$B$4:$B$63,2027,S3_익일무배!$C$4:$C$63,12) -> 29800 | C73: =SUMIFS(S3_익일무배!$T$4:$T$63,S3_익일무배!$B$4:$B$63,2028,S3_익일무배!$C$4:$C$63,12) -> 29800 | D73: =SUMIFS(S3_익일무배!$T$4:$T$63,S3_익일무배!$B$4:$B$63,2029,S3_익일무배!$C$4:$C$63,12) -> 29800 | E73: =SUMIFS(S3_익일무배!$T$4:$T$63,S3_익일무배!$B$4:$B$63,2030,S3_익일무배!$C$4:$C$63,12) -> 29800 | F73: =SUMIFS(S3_익일무배!$T$4:$T$63,S3_익일무배!$B$4:$B$63,2031,S3_익일무배!$C$4:$C$63,12) -> 29800
A74: S4 익일 + 무배 + 회원 확대 | B74: =SUMIFS(S4_익일무배회원!$T$4:$T$63,S4_익일무배회원!$B$4:$B$63,2027,S4_익일무배회원!$C$4:$C$63,12) -> 29800 | C74: =SUMIFS(S4_익일무배회원!$T$4:$T$63,S4_익일무배회원!$B$4:$B$63,2028,S4_익일무배회원!$C$4:$C$63,12) -> 29800 | D74: =SUMIFS(S4_익일무배회원!$T$4:$T$63,S4_익일무배회원!$B$4:$B$63,2029,S4_익일무배회원!$C$4:$C$63,12) -> 29800 | E74: =SUMIFS(S4_익일무배회원!$T$4:$T$63,S4_익일무배회원!$B$4:$B$63,2030,S4_익일무배회원!$C$4:$C$63,12) -> 29800 | F74: =SUMIFS(S4_익일무배회원!$T$4:$T$63,S4_익일무배회원!$B$4:$B$63,2031,S4_익일무배회원!$C$4:$C$63,12) -> 29800

Sheet 브리지
A1: 시나리오 간 매출 차이 분해 — 어느 레버가 얼마를 만드는가
A2: 매출 = 활동 구매고객 × 익일 효과 빈도 × 즉시 주문 배수 × 객단가 로 분해 (로그 평균 분해, 합계가 실제 차이와 일치)
A4: S1 → S2 : 익일배송의 효과 (억원) | B4: 2027 | C4: 2028 | D4: 2029 | E4: 2030 | F4: 2031
A5: S1 매출 | B5: =B58 -> 3152.5969 | C5: =C58 -> 3776.9589 | D5: =D58 -> 4364.8724 | E5: =E58 -> 4918.4652 | F5: =F58 -> 5439.7408
A6: + 활동 고객 효과 (가입·신규·잔존율) | B6: =LN(B59/B54)*IFERROR((B63-B58)/LN(B63/B58),B58) -> 23.958777 | C6: =LN(C59/C54)*IFERROR((C63-C58)/LN(C63/C58),C58) -> 169.095 | D6: =LN(D59/D54)*IFERROR((D63-D58)/LN(D63/D58),D58) -> 391.48673 | E6: =LN(E59/E54)*IFERROR((E63-E58)/LN(E63/E58),E58) -> 687.39288 | F6: =LN(F59/F54)*IFERROR((F63-F58)/LN(F63/F58),F58) -> 1007.7302
A7: + 구매빈도 효과 (익일) | B7: =LN(B60/B55)*IFERROR((B63-B58)/LN(B63/B58),B58) -> 32.849092 | C7: =LN(C60/C55)*IFERROR((C63-C58)/LN(C63/C58),C58) -> 220.26211 | D7: =LN(D60/D55)*IFERROR((D63-D58)/LN(D63/D58),D58) -> 486.78738 | E7: =LN(E60/E55)*IFERROR((E63-E58)/LN(E63/E58),E58) -> 821.76529 | F7: =LN(F60/F55)*IFERROR((F63-F58)/LN(F63/F58),F58) -> 1160.4981
A8: + 무배 즉시 주문 효과 | B8: =LN(B61/B56)*IFERROR((B63-B58)/LN(B63/B58),B58) -> 0 | C8: =LN(C61/C56)*IFERROR((C63-C58)/LN(C63/C58),C58) -> 0 | D8: =LN(D61/D56)*IFERROR((D63-D58)/LN(D63/D58),D58) -> 0 | E8: =LN(E61/E56)*IFERROR((E63-E58)/LN(E63/E58),E58) -> 0 | F8: =LN(F61/F56)*IFERROR((F63-F58)/LN(F63/F58),F58) -> 0
A9: + 객단가 효과 | B9: =LN(B62/B57)*IFERROR((B63-B58)/LN(B63/B58),B58) -> -7.063053e-13 | C9: =LN(C62/C57)*IFERROR((C63-C58)/LN(C63/C58),C58) -> -4.4058696e-13 | D9: =LN(D62/D57)*IFERROR((D63-D58)/LN(D63/D58),D58) -> 1.0637266e-12 | E9: =LN(E62/E57)*IFERROR((E63-E58)/LN(E63/E58),E58) -> 1.2522048e-12 | F9: =LN(F62/F57)*IFERROR((F63-F58)/LN(F63/F58),F58) -> 1.435153e-12
A10: → S2 매출 | B10: =B63 -> 3209.4047 | C10: =C63 -> 4166.316 | D10: =D63 -> 5243.1465 | E10: =E63 -> 6427.6234 | F10: =F63 -> 7607.9691
A11: 검산 (분해 합계 − 실제 차이) | B11: =SUM(B6:B9)-(B63-B58) -> -5.7553962e-13 | C11: =SUM(C6:C9)-(C63-C58) -> 1.1368684e-12 | D11: =SUM(D6:D9)-(D63-D58) -> 0 | E11: =SUM(E6:E9)-(E63-E58) -> 1.8189894e-12 | F11: =SUM(F6:F9)-(F63-F58) -> 0
A13: S2 → S3 : 무료배송 인하의 추가 효과 (억원) | B13: 2027 | C13: 2028 | D13: 2029 | E13: 2030 | F13: 2031
A14: S2 매출 | B14: =B63 -> 3209.4047 | C14: =C63 -> 4166.316 | D14: =D63 -> 5243.1465 | E14: =E63 -> 6427.6234 | F14: =F63 -> 7607.9691
A15: + 활동 고객 효과 (가입·신규·잔존율) | B15: =LN(B64/B59)*IFERROR((B68-B63)/LN(B68/B63),B63) -> 19.195743 | C15: =LN(C64/C59)*IFERROR((C68-C63)/LN(C68/C63),C63) -> 170.67335 | D15: =LN(D64/D59)*IFERROR((D68-D63)/LN(D68/D63),D63) -> 419.52273 | E15: =LN(E64/E59)*IFERROR((E68-E63)/LN(E68/E63),E63) -> 765.12384 | F15: =LN(F64/F59)*IFERROR((F68-F63)/LN(F68/F63),F63) -> 1167.7768
A16: + 구매빈도 효과 (익일) | B16: =LN(B65/B60)*IFERROR((B68-B63)/LN(B68/B63),B63) -> 0.22788069 | C16: =LN(C65/C60)*IFERROR((C68-C63)/LN(C68/C63),C63) -> 0.62270686 | D16: =LN(D65/D60)*IFERROR((D68-D63)/LN(D68/D63),D63) -> 0.73689128 | E16: =LN(E65/E60)*IFERROR((E68-E63)/LN(E68/E63),E63) -> 0.84761007 | F16: =LN(F65/F60)*IFERROR((F68-F63)/LN(F68/F63),F63) -> 0.2069768
A17: + 무배 즉시 주문 효과 | B17: =LN(B66/B61)*IFERROR((B68-B63)/LN(B68/B63),B63) -> 145.72957 | C17: =LN(C66/C61)*IFERROR((C68-C63)/LN(C68/C63),C63) -> 353.54526 | D17: =LN(D66/D61)*IFERROR((D68-D63)/LN(D68/D63),D63) -> 453.22614 | E17: =LN(E66/E61)*IFERROR((E68-E63)/LN(E68/E63),E63) -> 565.66671 | F17: =LN(F66/F61)*IFERROR((F68-F63)/LN(F68/F63),F63) -> 679.90864
A18: + 객단가 효과 | B18: =LN(B67/B62)*IFERROR((B68-B63)/LN(B68/B63),B63) -> -117.72306 | C18: =LN(C67/C62)*IFERROR((C68-C63)/LN(C68/C63),C63) -> -284.56069 | D18: =LN(D67/D62)*IFERROR((D68-D63)/LN(D68/D63),D63) -> -364.7916 | E18: =LN(E67/E62)*IFERROR((E68-E63)/LN(E68/E63),E63) -> -455.29251 | F18: =LN(F67/F62)*IFERROR((F68-F63)/LN(F68/F63),F63) -> -547.24329
A19: → S3 매출 | B19: =B68 -> 3256.8349 | C19: =C68 -> 4406.5966 | D19: =D68 -> 5751.8407 | E19: =E68 -> 7303.969 | F19: =F68 -> 8908.6183
A20: 검산 (분해 합계 − 실제 차이) | B20: =SUM(B15:B18)-(B68-B63) -> -8.8107299e-13 | C20: =SUM(C15:C18)-(C68-C63) -> 5.6843419e-13 | D20: =SUM(D15:D18)-(D68-D63) -> -9.6633812e-13 | E20: =SUM(E15:E18)-(E68-E63) -> 0 | F20: =SUM(F15:F18)-(F68-F63) -> -2.2737368e-12
A22: S3 → S4 : 회원 확대의 추가 효과 (억원) | B22: 2027 | C22: 2028 | D22: 2029 | E22: 2030 | F22: 2031
A23: S3 매출 | B23: =B68 -> 3256.8349 | C23: =C68 -> 4406.5966 | D23: =D68 -> 5751.8407 | E23: =E68 -> 7303.969 | F23: =F68 -> 8908.6183
A24: + 활동 고객 효과 (가입·신규·잔존율) | B24: =LN(B69/B64)*IFERROR((B73-B68)/LN(B73/B68),B68) -> 45.060315 | C24: =LN(C69/C64)*IFERROR((C73-C68)/LN(C73/C68),C68) -> 283.28017 | D24: =LN(D69/D64)*IFERROR((D73-D68)/LN(D73/D68),D68) -> 540.82632 | E24: =LN(E69/E64)*IFERROR((E73-E68)/LN(E73/E68),E68) -> 844.1881 | F24: =LN(F69/F64)*IFERROR((F73-F68)/LN(F73/F68),F68) -> 1180.9617
A25: + 구매빈도 효과 (익일) | B25: =LN(B70/B65)*IFERROR((B73-B68)/LN(B73/B68),B68) -> 0.42870288 | C25: =LN(C70/C65)*IFERROR((C73-C68)/LN(C73/C68),C68) -> 0.65322601 | D25: =LN(D70/D65)*IFERROR((D73-D68)/LN(D73/D68),D68) -> 0.50482413 | E25: =LN(E70/E65)*IFERROR((E73-E68)/LN(E73/E68),E68) -> 0.46870437 | F25: =LN(F70/F65)*IFERROR((F73-F68)/LN(F73/F68),F68) -> 0.13920448
A26: + 무배 즉시 주문 효과 | B26: =LN(B71/B66)*IFERROR((B73-B68)/LN(B73/B68),B68) -> 1.4693187 | C26: =LN(C71/C66)*IFERROR((C73-C68)/LN(C73/C68),C68) -> 0 | D26: =LN(D71/D66)*IFERROR((D73-D68)/LN(D73/D68),D68) -> -1.3363642e-12 | E26: =LN(E71/E66)*IFERROR((E73-E68)/LN(E73/E68),E68) -> 0 | F26: =LN(F71/F66)*IFERROR((F73-F68)/LN(F73/F68),F68) -> 0
A27: + 객단가 효과 | B27: =LN(B72/B67)*IFERROR((B73-B68)/LN(B73/B68),B68) -> -1.1817266 | C27: =LN(C72/C67)*IFERROR((C73-C68)/LN(C73/C68),C68) -> -1.5144839e-12 | D27: =LN(D72/D67)*IFERROR((D73-D68)/LN(D73/D68),D68) -> 1.3363642e-12 | E27: =LN(E72/E67)*IFERROR((E73-E68)/LN(E73/E68),E68) -> -2.570809e-12 | F27: =LN(F72/F67)*IFERROR((F73-F68)/LN(F73/F68),F68) -> -1.0532595e-12
A28: → S4 매출 | B28: =B73 -> 3302.6115 | C28: =C73 -> 4690.53 | D28: =D73 -> 6293.1718 | E28: =E73 -> 8148.6258 | F28: =F73 -> 10089.719
A29: 검산 (분해 합계 − 실제 차이) | B29: =SUM(B24:B27)-(B73-B68) -> 1.3784529e-12 | C29: =SUM(C24:C27)-(C73-C68) -> -5.1159077e-13 | D29: =SUM(D24:D27)-(D73-D68) -> 1.4779289e-12 | E29: =SUM(E24:E27)-(E73-E68) -> -2.5011104e-12 | F29: =SUM(F24:F27)-(F73-F68) -> 2.0463631e-12
A31: S1 → S4 : 전체 효과 (억원) | B31: 2027 | C31: 2028 | D31: 2029 | E31: 2030 | F31: 2031
A32: S1 매출 | B32: =B58 -> 3152.5969 | C32: =C58 -> 3776.9589 | D32: =D58 -> 4364.8724 | E32: =E58 -> 4918.4652 | F32: =F58 -> 5439.7408
A33: + 활동 고객 효과 (가입·신규·잔존율) | B33: =LN(B69/B54)*IFERROR((B73-B58)/LN(B73/B58),B58) -> 87.802929 | C33: =LN(C69/C54)*IFERROR((C73-C58)/LN(C73/C58),C58) -> 610.39173 | D33: =LN(D69/D54)*IFERROR((D73-D58)/LN(D73/D58),D58) -> 1306.7717 | E33: =LN(E69/E54)*IFERROR((E73-E58)/LN(E73/E58),E58) -> 2193.6485 | F33: =LN(F69/F54)*IFERROR((F73-F58)/LN(F73/F58),F58) -> 3177.0641
A34: + 구매빈도 효과 (익일) | B34: =LN(B70/B55)*IFERROR((B73-B58)/LN(B73/B58),B58) -> 33.974509 | C34: =LN(C70/C55)*IFERROR((C73-C58)/LN(C73/C58),C58) -> 235.29058 | D34: =LN(D70/D55)*IFERROR((D73-D58)/LN(D73/D58),D58) -> 536.68635 | E34: =LN(E70/E55)*IFERROR((E73-E58)/LN(E73/E58),E58) -> 933.51456 | F34: =LN(F70/F55)*IFERROR((F73-F58)/LN(F73/F58),F58) -> 1351.7483
A35: + 무배 즉시 주문 효과 | B35: =LN(B71/B56)*IFERROR((B73-B58)/LN(B73/B58),B58) -> 146.90311 | C35: =LN(C71/C56)*IFERROR((C73-C58)/LN(C73/C58),C58) -> 347.92955 | D35: =LN(D71/D56)*IFERROR((D73-D58)/LN(D73/D58),D58) -> 434.81111 | E35: =LN(E71/E56)*IFERROR((E73-E58)/LN(E73/E58),E58) -> 527.86121 | F35: =LN(F71/F56)*IFERROR((F73-F58)/LN(F73/F58),F58) -> 620.97417
A36: + 객단가 효과 | B36: =LN(B72/B57)*IFERROR((B73-B58)/LN(B73/B58),B58) -> -118.66593 | C36: =LN(C72/C57)*IFERROR((C73-C58)/LN(C73/C58),C58) -> -280.04073 | D36: =LN(D72/D57)*IFERROR((D73-D58)/LN(D73/D58),D58) -> -349.96976 | E36: =LN(E72/E57)*IFERROR((E73-E58)/LN(E73/E58),E58) -> -424.86371 | F36: =LN(F72/F57)*IFERROR((F73-F58)/LN(F73/F58),F58) -> -499.80825
A37: → S4 매출 | B37: =B73 -> 3302.6115 | C37: =C73 -> 4690.53 | D37: =D73 -> 6293.1718 | E37: =E73 -> 8148.6258 | F37: =F73 -> 10089.719
A38: 검산 (분해 합계 − 실제 차이) | B38: =SUM(B33:B36)-(B73-B58) -> 0 | C38: =SUM(C33:C36)-(C73-C58) -> 0 | D38: =SUM(D33:D36)-(D73-D58) -> 0 | E38: =SUM(E33:E36)-(E73-E58) -> 0 | F38: =SUM(F33:F36)-(F73-F58) -> 0
A52: 계산 보조 — 시나리오별 연간 집계
B53: 2027 | C53: 2028 | D53: 2029 | E53: 2030 | F53: 2031
A54: S1 · 활동 고객-월 합 | B54: =SUMIFS(S1_현재기준!$O$4:$O$63,S1_현재기준!$B$4:$B$63,2027) -> 729.59901 | C54: =SUMIFS(S1_현재기준!$O$4:$O$63,S1_현재기준!$B$4:$B$63,2028) -> 874.09383 | D54: =SUMIFS(S1_현재기준!$O$4:$O$63,S1_현재기준!$B$4:$B$63,2029) -> 1010.1534 | E54: =SUMIFS(S1_현재기준!$O$4:$O$63,S1_현재기준!$B$4:$B$63,2030) -> 1138.2703 | F54: =SUMIFS(S1_현재기준!$O$4:$O$63,S1_현재기준!$B$4:$B$63,2031) -> 1258.908
A55: S1 · 익일 효과 빈도 | B55: =SUMIFS(S1_현재기준!$Z$4:$Z$63,S1_현재기준!$B$4:$B$63,2027)/SUMIFS(S1_현재기준!$O$4:$O$63,S1_현재기준!$B$4:$B$63,2027) -> 1.289 | C55: =SUMIFS(S1_현재기준!$Z$4:$Z$63,S1_현재기준!$B$4:$B$63,2028)/SUMIFS(S1_현재기준!$O$4:$O$63,S1_현재기준!$B$4:$B$63,2028) -> 1.289 | D55: =SUMIFS(S1_현재기준!$Z$4:$Z$63,S1_현재기준!$B$4:$B$63,2029)/SUMIFS(S1_현재기준!$O$4:$O$63,S1_현재기준!$B$4:$B$63,2029) -> 1.289 | E55: =SUMIFS(S1_현재기준!$Z$4:$Z$63,S1_현재기준!$B$4:$B$63,2030)/SUMIFS(S1_현재기준!$O$4:$O$63,S1_현재기준!$B$4:$B$63,2030) -> 1.289 | F55: =SUMIFS(S1_현재기준!$Z$4:$Z$63,S1_현재기준!$B$4:$B$63,2031)/SUMIFS(S1_현재기준!$O$4:$O$63,S1_현재기준!$B$4:$B$63,2031) -> 1.289
A56: S1 · 즉시 주문 배수 | B56: =(SUMIFS(S1_현재기준!$S$4:$S$63,S1_현재기준!$B$4:$B$63,2027)/SUMIFS(S1_현재기준!$O$4:$O$63,S1_현재기준!$B$4:$B$63,2027))/(SUMIFS(S1_현재기준!$Z$4:$Z$63,S1_현재기준!$B$4:$B$63,2027)/SUMIFS(S1_현재기준!$O$4:$O$63,S1_현재기준!$B$4:$B$63,2027)) -> 1 | C56: =(SUMIFS(S1_현재기준!$S$4:$S$63,S1_현재기준!$B$4:$B$63,2028)/SUMIFS(S1_현재기준!$O$4:$O$63,S1_현재기준!$B$4:$B$63,2028))/(SUMIFS(S1_현재기준!$Z$4:$Z$63,S1_현재기준!$B$4:$B$63,2028)/SUMIFS(S1_현재기준!$O$4:$O$63,S1_현재기준!$B$4:$B$63,2028)) -> 1 | D56: =(SUMIFS(S1_현재기준!$S$4:$S$63,S1_현재기준!$B$4:$B$63,2029)/SUMIFS(S1_현재기준!$O$4:$O$63,S1_현재기준!$B$4:$B$63,2029))/(SUMIFS(S1_현재기준!$Z$4:$Z$63,S1_현재기준!$B$4:$B$63,2029)/SUMIFS(S1_현재기준!$O$4:$O$63,S1_현재기준!$B$4:$B$63,2029)) -> 1 | E56: =(SUMIFS(S1_현재기준!$S$4:$S$63,S1_현재기준!$B$4:$B$63,2030)/SUMIFS(S1_현재기준!$O$4:$O$63,S1_현재기준!$B$4:$B$63,2030))/(SUMIFS(S1_현재기준!$Z$4:$Z$63,S1_현재기준!$B$4:$B$63,2030)/SUMIFS(S1_현재기준!$O$4:$O$63,S1_현재기준!$B$4:$B$63,2030)) -> 1 | F56: =(SUMIFS(S1_현재기준!$S$4:$S$63,S1_현재기준!$B$4:$B$63,2031)/SUMIFS(S1_현재기준!$O$4:$O$63,S1_현재기준!$B$4:$B$63,2031))/(SUMIFS(S1_현재기준!$Z$4:$Z$63,S1_현재기준!$B$4:$B$63,2031)/SUMIFS(S1_현재기준!$O$4:$O$63,S1_현재기준!$B$4:$B$63,2031)) -> 1
A57: S1 · 객단가 | B57: =SUMIFS(S1_현재기준!$U$4:$U$63,S1_현재기준!$B$4:$B$63,2027)*10000/SUMIFS(S1_현재기준!$S$4:$S$63,S1_현재기준!$B$4:$B$63,2027) -> 31846 | C57: =SUMIFS(S1_현재기준!$U$4:$U$63,S1_현재기준!$B$4:$B$63,2028)*10000/SUMIFS(S1_현재기준!$S$4:$S$63,S1_현재기준!$B$4:$B$63,2028) -> 31846 | D57: =SUMIFS(S1_현재기준!$U$4:$U$63,S1_현재기준!$B$4:$B$63,2029)*10000/SUMIFS(S1_현재기준!$S$4:$S$63,S1_현재기준!$B$4:$B$63,2029) -> 31846 | E57: =SUMIFS(S1_현재기준!$U$4:$U$63,S1_현재기준!$B$4:$B$63,2030)*10000/SUMIFS(S1_현재기준!$S$4:$S$63,S1_현재기준!$B$4:$B$63,2030) -> 31846 | F57: =SUMIFS(S1_현재기준!$U$4:$U$63,S1_현재기준!$B$4:$B$63,2031)*10000/SUMIFS(S1_현재기준!$S$4:$S$63,S1_현재기준!$B$4:$B$63,2031) -> 31846
A58: S1 · 총매출 | B58: =SUMIFS(S1_현재기준!$V$4:$V$63,S1_현재기준!$B$4:$B$63,2027) -> 3152.5969 | C58: =SUMIFS(S1_현재기준!$V$4:$V$63,S1_현재기준!$B$4:$B$63,2028) -> 3776.9589 | D58: =SUMIFS(S1_현재기준!$V$4:$V$63,S1_현재기준!$B$4:$B$63,2029) -> 4364.8724 | E58: =SUMIFS(S1_현재기준!$V$4:$V$63,S1_현재기준!$B$4:$B$63,2030) -> 4918.4652 | F58: =SUMIFS(S1_현재기준!$V$4:$V$63,S1_현재기준!$B$4:$B$63,2031) -> 5439.7408
A59: S2 · 활동 고객-월 합 | B59: =SUMIFS(S2_익일!$O$4:$O$63,S2_익일!$B$4:$B$63,2027) -> 735.11513 | C59: =SUMIFS(S2_익일!$O$4:$O$63,S2_익일!$B$4:$B$63,2028) -> 912.14367 | D59: =SUMIFS(S2_익일!$O$4:$O$63,S2_익일!$B$4:$B$63,2029) -> 1096.1697 | E59: =SUMIFS(S2_익일!$O$4:$O$63,S2_익일!$B$4:$B$63,2030) -> 1285.8247 | F59: =SUMIFS(S2_익일!$O$4:$O$63,S2_익일!$B$4:$B$63,2031) -> 1471.3188
A60: S2 · 익일 효과 빈도 | B60: =SUMIFS(S2_익일!$Z$4:$Z$63,S2_익일!$B$4:$B$63,2027)/SUMIFS(S2_익일!$O$4:$O$63,S2_익일!$B$4:$B$63,2027) -> 1.3023804 | C60: =SUMIFS(S2_익일!$Z$4:$Z$63,S2_익일!$B$4:$B$63,2028)/SUMIFS(S2_익일!$O$4:$O$63,S2_익일!$B$4:$B$63,2028) -> 1.3625664 | D60: =SUMIFS(S2_익일!$Z$4:$Z$63,S2_익일!$B$4:$B$63,2029)/SUMIFS(S2_익일!$O$4:$O$63,S2_익일!$B$4:$B$63,2029) -> 1.4268651 | E60: =SUMIFS(S2_익일!$Z$4:$Z$63,S2_익일!$B$4:$B$63,2030)/SUMIFS(S2_익일!$O$4:$O$63,S2_익일!$B$4:$B$63,2030) -> 1.491205 | F60: =SUMIFS(S2_익일!$Z$4:$Z$63,S2_익일!$B$4:$B$63,2031)/SUMIFS(S2_익일!$O$4:$O$63,S2_익일!$B$4:$B$63,2031) -> 1.5425196
A61: S2 · 즉시 주문 배수 | B61: =(SUMIFS(S2_익일!$S$4:$S$63,S2_익일!$B$4:$B$63,2027)/SUMIFS(S2_익일!$O$4:$O$63,S2_익일!$B$4:$B$63,2027))/(SUMIFS(S2_익일!$Z$4:$Z$63,S2_익일!$B$4:$B$63,2027)/SUMIFS(S2_익일!$O$4:$O$63,S2_익일!$B$4:$B$63,2027)) -> 1 | C61: =(SUMIFS(S2_익일!$S$4:$S$63,S2_익일!$B$4:$B$63,2028)/SUMIFS(S2_익일!$O$4:$O$63,S2_익일!$B$4:$B$63,2028))/(SUMIFS(S2_익일!$Z$4:$Z$63,S2_익일!$B$4:$B$63,2028)/SUMIFS(S2_익일!$O$4:$O$63,S2_익일!$B$4:$B$63,2028)) -> 1 | D61: =(SUMIFS(S2_익일!$S$4:$S$63,S2_익일!$B$4:$B$63,2029)/SUMIFS(S2_익일!$O$4:$O$63,S2_익일!$B$4:$B$63,2029))/(SUMIFS(S2_익일!$Z$4:$Z$63,S2_익일!$B$4:$B$63,2029)/SUMIFS(S2_익일!$O$4:$O$63,S2_익일!$B$4:$B$63,2029)) -> 1 | E61: =(SUMIFS(S2_익일!$S$4:$S$63,S2_익일!$B$4:$B$63,2030)/SUMIFS(S2_익일!$O$4:$O$63,S2_익일!$B$4:$B$63,2030))/(SUMIFS(S2_익일!$Z$4:$Z$63,S2_익일!$B$4:$B$63,2030)/SUMIFS(S2_익일!$O$4:$O$63,S2_익일!$B$4:$B$63,2030)) -> 1 | F61: =(SUMIFS(S2_익일!$S$4:$S$63,S2_익일!$B$4:$B$63,2031)/SUMIFS(S2_익일!$O$4:$O$63,S2_익일!$B$4:$B$63,2031))/(SUMIFS(S2_익일!$Z$4:$Z$63,S2_익일!$B$4:$B$63,2031)/SUMIFS(S2_익일!$O$4:$O$63,S2_익일!$B$4:$B$63,2031)) -> 1
A62: S2 · 객단가 | B62: =SUMIFS(S2_익일!$U$4:$U$63,S2_익일!$B$4:$B$63,2027)*10000/SUMIFS(S2_익일!$S$4:$S$63,S2_익일!$B$4:$B$63,2027) -> 31846 | C62: =SUMIFS(S2_익일!$U$4:$U$63,S2_익일!$B$4:$B$63,2028)*10000/SUMIFS(S2_익일!$S$4:$S$63,S2_익일!$B$4:$B$63,2028) -> 31846 | D62: =SUMIFS(S2_익일!$U$4:$U$63,S2_익일!$B$4:$B$63,2029)*10000/SUMIFS(S2_익일!$S$4:$S$63,S2_익일!$B$4:$B$63,2029) -> 31846 | E62: =SUMIFS(S2_익일!$U$4:$U$63,S2_익일!$B$4:$B$63,2030)*10000/SUMIFS(S2_익일!$S$4:$S$63,S2_익일!$B$4:$B$63,2030) -> 31846 | F62: =SUMIFS(S2_익일!$U$4:$U$63,S2_익일!$B$4:$B$63,2031)*10000/SUMIFS(S2_익일!$S$4:$S$63,S2_익일!$B$4:$B$63,2031) -> 31846
A63: S2 · 총매출 | B63: =SUMIFS(S2_익일!$V$4:$V$63,S2_익일!$B$4:$B$63,2027) -> 3209.4047 | C63: =SUMIFS(S2_익일!$V$4:$V$63,S2_익일!$B$4:$B$63,2028) -> 4166.316 | D63: =SUMIFS(S2_익일!$V$4:$V$63,S2_익일!$B$4:$B$63,2029) -> 5243.1465 | E63: =SUMIFS(S2_익일!$V$4:$V$63,S2_익일!$B$4:$B$63,2030) -> 6427.6234 | F63: =SUMIFS(S2_익일!$V$4:$V$63,S2_익일!$B$4:$B$63,2031) -> 7607.9691
A64: S3 · 활동 고객-월 합 | B64: =SUMIFS(S3_익일무배!$O$4:$O$63,S3_익일무배!$B$4:$B$63,2027) -> 739.49273 | C64: =SUMIFS(S3_익일무배!$O$4:$O$63,S3_익일무배!$B$4:$B$63,2028) -> 949.20504 | D64: =SUMIFS(S3_익일무배!$O$4:$O$63,S3_익일무배!$B$4:$B$63,2029) -> 1183.1593 | E64: =SUMIFS(S3_익일무배!$O$4:$O$63,S3_익일무배!$B$4:$B$63,2030) -> 1437.6242 | F64: =SUMIFS(S3_익일무배!$O$4:$O$63,S3_익일무배!$B$4:$B$63,2031) -> 1695.2989
A65: S3 · 익일 효과 빈도 | B65: =SUMIFS(S3_익일무배!$Z$4:$Z$63,S3_익일무배!$B$4:$B$63,2027)/SUMIFS(S3_익일무배!$O$4:$O$63,S3_익일무배!$B$4:$B$63,2027) -> 1.3024722 | C65: =SUMIFS(S3_익일무배!$Z$4:$Z$63,S3_익일무배!$B$4:$B$63,2028)/SUMIFS(S3_익일무배!$O$4:$O$63,S3_익일무배!$B$4:$B$63,2028) -> 1.3627644 | D65: =SUMIFS(S3_익일무배!$Z$4:$Z$63,S3_익일무배!$B$4:$B$63,2029)/SUMIFS(S3_익일무배!$O$4:$O$63,S3_익일무배!$B$4:$B$63,2029) -> 1.4270565 | E65: =SUMIFS(S3_익일무배!$Z$4:$Z$63,S3_익일무배!$B$4:$B$63,2030)/SUMIFS(S3_익일무배!$O$4:$O$63,S3_익일무배!$B$4:$B$63,2030) -> 1.4913894 | F65: =SUMIFS(S3_익일무배!$Z$4:$Z$63,S3_익일무배!$B$4:$B$63,2031)/SUMIFS(S3_익일무배!$O$4:$O$63,S3_익일무배!$B$4:$B$63,2031) -> 1.5425583
A66: S3 · 즉시 주문 배수 | B66: =(SUMIFS(S3_익일무배!$S$4:$S$63,S3_익일무배!$B$4:$B$63,2027)/SUMIFS(S3_익일무배!$O$4:$O$63,S3_익일무배!$B$4:$B$63,2027))/(SUMIFS(S3_익일무배!$Z$4:$Z$63,S3_익일무배!$B$4:$B$63,2027)/SUMIFS(S3_익일무배!$O$4:$O$63,S3_익일무배!$B$4:$B$63,2027)) -> 1.0461061 | C66: =(SUMIFS(S3_익일무배!$S$4:$S$63,S3_익일무배!$B$4:$B$63,2028)/SUMIFS(S3_익일무배!$O$4:$O$63,S3_익일무배!$B$4:$B$63,2028))/(SUMIFS(S3_익일무배!$Z$4:$Z$63,S3_익일무배!$B$4:$B$63,2028)/SUMIFS(S3_익일무배!$O$4:$O$63,S3_익일무배!$B$4:$B$63,2028)) -> 1.086 | D66: =(SUMIFS(S3_익일무배!$S$4:$S$63,S3_익일무배!$B$4:$B$63,2029)/SUMIFS(S3_익일무배!$O$4:$O$63,S3_익일무배!$B$4:$B$63,2029))/(SUMIFS(S3_익일무배!$Z$4:$Z$63,S3_익일무배!$B$4:$B$63,2029)/SUMIFS(S3_익일무배!$O$4:$O$63,S3_익일무배!$B$4:$B$63,2029)) -> 1.086 | E66: =(SUMIFS(S3_익일무배!$S$4:$S$63,S3_익일무배!$B$4:$B$63,2030)/SUMIFS(S3_익일무배!$O$4:$O$63,S3_익일무배!$B$4:$B$63,2030))/(SUMIFS(S3_익일무배!$Z$4:$Z$63,S3_익일무배!$B$4:$B$63,2030)/SUMIFS(S3_익일무배!$O$4:$O$63,S3_익일무배!$B$4:$B$63,2030)) -> 1.086 | F66: =(SUMIFS(S3_익일무배!$S$4:$S$63,S3_익일무배!$B$4:$B$63,2031)/SUMIFS(S3_익일무배!$O$4:$O$63,S3_익일무배!$B$4:$B$63,2031))/(SUMIFS(S3_익일무배!$Z$4:$Z$63,S3_익일무배!$B$4:$B$63,2031)/SUMIFS(S3_익일무배!$O$4:$O$63,S3_익일무배!$B$4:$B$63,2031)) -> 1.086
A67: S3 · 객단가 | B67: =SUMIFS(S3_익일무배!$U$4:$U$63,S3_익일무배!$B$4:$B$63,2027)*10000/SUMIFS(S3_익일무배!$S$4:$S$63,S3_익일무배!$B$4:$B$63,2027) -> 30707.273 | C67: =SUMIFS(S3_익일무배!$U$4:$U$63,S3_익일무배!$B$4:$B$63,2028)*10000/SUMIFS(S3_익일무배!$S$4:$S$63,S3_익일무배!$B$4:$B$63,2028) -> 29800 | D67: =SUMIFS(S3_익일무배!$U$4:$U$63,S3_익일무배!$B$4:$B$63,2029)*10000/SUMIFS(S3_익일무배!$S$4:$S$63,S3_익일무배!$B$4:$B$63,2029) -> 29800 | E67: =SUMIFS(S3_익일무배!$U$4:$U$63,S3_익일무배!$B$4:$B$63,2030)*10000/SUMIFS(S3_익일무배!$S$4:$S$63,S3_익일무배!$B$4:$B$63,2030) -> 29800 | F67: =SUMIFS(S3_익일무배!$U$4:$U$63,S3_익일무배!$B$4:$B$63,2031)*10000/SUMIFS(S3_익일무배!$S$4:$S$63,S3_익일무배!$B$4:$B$63,2031) -> 29800
A68: S3 · 총매출 | B68: =SUMIFS(S3_익일무배!$V$4:$V$63,S3_익일무배!$B$4:$B$63,2027) -> 3256.8349 | C68: =SUMIFS(S3_익일무배!$V$4:$V$63,S3_익일무배!$B$4:$B$63,2028) -> 4406.5966 | D68: =SUMIFS(S3_익일무배!$V$4:$V$63,S3_익일무배!$B$4:$B$63,2029) -> 5751.8407 | E68: =SUMIFS(S3_익일무배!$V$4:$V$63,S3_익일무배!$B$4:$B$63,2030) -> 7303.969 | F68: =SUMIFS(S3_익일무배!$V$4:$V$63,S3_익일무배!$B$4:$B$63,2031) -> 8908.6183
A69: S4 · 활동 고객-월 합 | B69: =SUMIFS(S4_익일무배회원!$O$4:$O$63,S4_익일무배회원!$B$4:$B$63,2027) -> 749.72295 | C69: =SUMIFS(S4_익일무배회원!$O$4:$O$63,S4_익일무배회원!$B$4:$B$63,2028) -> 1010.2207 | D69: =SUMIFS(S4_익일무배회원!$O$4:$O$63,S4_익일무배회원!$B$4:$B$63,2029) -> 1294.403 | E69: =SUMIFS(S4_익일무배회원!$O$4:$O$63,S4_익일무배회원!$B$4:$B$63,2030) -> 1603.7788 | F69: =SUMIFS(S4_익일무배회원!$O$4:$O$63,S4_익일무배회원!$B$4:$B$63,2031) -> 1920.0327
A70: S4 · 익일 효과 빈도 | B70: =SUMIFS(S4_익일무배회원!$Z$4:$Z$63,S4_익일무배회원!$B$4:$B$63,2027)/SUMIFS(S4_익일무배회원!$O$4:$O$63,S4_익일무배회원!$B$4:$B$63,2027) -> 1.3026424 | C70: =SUMIFS(S4_익일무배회원!$Z$4:$Z$63,S4_익일무배회원!$B$4:$B$63,2028)/SUMIFS(S4_익일무배회원!$O$4:$O$63,S4_익일무배회원!$B$4:$B$63,2028) -> 1.3629602 | D70: =SUMIFS(S4_익일무배회원!$Z$4:$Z$63,S4_익일무배회원!$B$4:$B$63,2029)/SUMIFS(S4_익일무배회원!$O$4:$O$63,S4_익일무배회원!$B$4:$B$63,2029) -> 1.4271762 | E70: =SUMIFS(S4_익일무배회원!$Z$4:$Z$63,S4_익일무배회원!$B$4:$B$63,2030)/SUMIFS(S4_익일무배회원!$O$4:$O$63,S4_익일무배회원!$B$4:$B$63,2030) -> 1.49148 | F70: =SUMIFS(S4_익일무배회원!$Z$4:$Z$63,S4_익일무배회원!$B$4:$B$63,2031)/SUMIFS(S4_익일무배회원!$O$4:$O$63,S4_익일무배회원!$B$4:$B$63,2031) -> 1.5425809
A71: S4 · 즉시 주문 배수 | B71: =(SUMIFS(S4_익일무배회원!$S$4:$S$63,S4_익일무배회원!$B$4:$B$63,2027)/SUMIFS(S4_익일무배회원!$O$4:$O$63,S4_익일무배회원!$B$4:$B$63,2027))/(SUMIFS(S4_익일무배회원!$Z$4:$Z$63,S4_익일무배회원!$B$4:$B$63,2027)/SUMIFS(S4_익일무배회원!$O$4:$O$63,S4_익일무배회원!$B$4:$B$63,2027)) -> 1.0465749 | C71: =(SUMIFS(S4_익일무배회원!$S$4:$S$63,S4_익일무배회원!$B$4:$B$63,2028)/SUMIFS(S4_익일무배회원!$O$4:$O$63,S4_익일무배회원!$B$4:$B$63,2028))/(SUMIFS(S4_익일무배회원!$Z$4:$Z$63,S4_익일무배회원!$B$4:$B$63,2028)/SUMIFS(S4_익일무배회원!$O$4:$O$63,S4_익일무배회원!$B$4:$B$63,2028)) -> 1.086 | D71: =(SUMIFS(S4_익일무배회원!$S$4:$S$63,S4_익일무배회원!$B$4:$B$63,2029)/SUMIFS(S4_익일무배회원!$O$4:$O$63,S4_익일무배회원!$B$4:$B$63,2029))/(SUMIFS(S4_익일무배회원!$Z$4:$Z$63,S4_익일무배회원!$B$4:$B$63,2029)/SUMIFS(S4_익일무배회원!$O$4:$O$63,S4_익일무배회원!$B$4:$B$63,2029)) -> 1.086 | E71: =(SUMIFS(S4_익일무배회원!$S$4:$S$63,S4_익일무배회원!$B$4:$B$63,2030)/SUMIFS(S4_익일무배회원!$O$4:$O$63,S4_익일무배회원!$B$4:$B$63,2030))/(SUMIFS(S4_익일무배회원!$Z$4:$Z$63,S4_익일무배회원!$B$4:$B$63,2030)/SUMIFS(S4_익일무배회원!$O$4:$O$63,S4_익일무배회원!$B$4:$B$63,2030)) -> 1.086 | F71: =(SUMIFS(S4_익일무배회원!$S$4:$S$63,S4_익일무배회원!$B$4:$B$63,2031)/SUMIFS(S4_익일무배회원!$O$4:$O$63,S4_익일무배회원!$B$4:$B$63,2031))/(SUMIFS(S4_익일무배회원!$Z$4:$Z$63,S4_익일무배회원!$B$4:$B$63,2031)/SUMIFS(S4_익일무배회원!$O$4:$O$63,S4_익일무배회원!$B$4:$B$63,2031)) -> 1.086
A72: S4 · 객단가 | B72: =SUMIFS(S4_익일무배회원!$U$4:$U$63,S4_익일무배회원!$B$4:$B$63,2027)*10000/SUMIFS(S4_익일무배회원!$S$4:$S$63,S4_익일무배회원!$B$4:$B$63,2027) -> 30696.211 | C72: =SUMIFS(S4_익일무배회원!$U$4:$U$63,S4_익일무배회원!$B$4:$B$63,2028)*10000/SUMIFS(S4_익일무배회원!$S$4:$S$63,S4_익일무배회원!$B$4:$B$63,2028) -> 29800 | D72: =SUMIFS(S4_익일무배회원!$U$4:$U$63,S4_익일무배회원!$B$4:$B$63,2029)*10000/SUMIFS(S4_익일무배회원!$S$4:$S$63,S4_익일무배회원!$B$4:$B$63,2029) -> 29800 | E72: =SUMIFS(S4_익일무배회원!$U$4:$U$63,S4_익일무배회원!$B$4:$B$63,2030)*10000/SUMIFS(S4_익일무배회원!$S$4:$S$63,S4_익일무배회원!$B$4:$B$63,2030) -> 29800 | F72: =SUMIFS(S4_익일무배회원!$U$4:$U$63,S4_익일무배회원!$B$4:$B$63,2031)*10000/SUMIFS(S4_익일무배회원!$S$4:$S$63,S4_익일무배회원!$B$4:$B$63,2031) -> 29800
A73: S4 · 총매출 | B73: =SUMIFS(S4_익일무배회원!$V$4:$V$63,S4_익일무배회원!$B$4:$B$63,2027) -> 3302.6115 | C73: =SUMIFS(S4_익일무배회원!$V$4:$V$63,S4_익일무배회원!$B$4:$B$63,2028) -> 4690.53 | D73: =SUMIFS(S4_익일무배회원!$V$4:$V$63,S4_익일무배회원!$B$4:$B$63,2029) -> 6293.1718 | E73: =SUMIFS(S4_익일무배회원!$V$4:$V$63,S4_익일무배회원!$B$4:$B$63,2030) -> 8148.6258 | F73: =SUMIFS(S4_익일무배회원!$V$4:$V$63,S4_익일무배회원!$B$4:$B$63,2031) -> 10089.719
